species_id,scientific_name,common_name,status,kingdom,detail_url,image_url
20436,Abroscopus superciliaris,Yellow-bellied Warbler,No Data,Animalia,https://www.mybis.gov.my/one/profile.php?sid=20436,https://cms.mybis.gov.my/thumbnail/s300_2946.jpeg
22730,Accipiter gularis,Japanese Sparrowhawk,No Data,Animalia,https://www.mybis.gov.my/one/profile.php?sid=22730,https://cms.mybis.gov.my/thumbnail/s300_3255.jpeg
20456,Accipiter trivirgatus,Crested Goshawk,No Data,Animalia,https://www.mybis.gov.my/one/profile.php?sid=20456,https://cms.mybis.gov.my/thumbnail/s300_10987.jpeg
22732,Acridotheres fuscus,Jungle Myna,No Data,Animalia,https://www.mybis.gov.my/one/profile.php?sid=22732,https://cms.mybis.gov.my/img/aves.png
20536,Acridotheres tristis,Common Myna,No Data,Animalia,https://www.mybis.gov.my/one/profile.php?sid=20536,https://cms.mybis.gov.my/thumbnail/s300_2191.jpeg
50639,Acrogomphus malayanus,Malayan Hooktail,No Data,Animalia,https://www.mybis.gov.my/one/profile.php?sid=50639,https://cms.mybis.gov.my/thumbnail/s300_9869.jpeg
20570,Actenoides concretus,Rufous-collared Kingfisher,No Data,Animalia,https://www.mybis.gov.my/one/profile.php?sid=20570,https://cms.mybis.gov.my/thumbnail/s300_2344.jpeg
20574,Actitis hypoleucos,Common Sandpiper,No Data,Animalia,https://www.mybis.gov.my/one/profile.php?sid=20574,https://cms.mybis.gov.my/thumbnail/s300_2794.jpeg
20584,Aegithina tiphia,Common Iora,No Data,Animalia,https://www.mybis.gov.my/one/profile.php?sid=20584,https://cms.mybis.gov.my/thumbnail/s300_4704.jpeg
9978,Limnonectes paramacrodon,Lesser Swamp Frog,No Data,Animalia,https://www.mybis.gov.my/one/profile.php?sid=9978,https://cms.mybis.gov.my/thumbnail/s300_6883.jpeg
9976,Limnonectes plicatellus,Rhinoceros Frog,No Data,Animalia,https://www.mybis.gov.my/one/profile.php?sid=9976,https://cms.mybis.gov.my/thumbnail/s300_6884.jpeg
9977,Limnonectes tweediei,Katak Tweedie,No Data,Animalia,https://www.mybis.gov.my/one/profile.php?sid=9977,https://cms.mybis.gov.my/thumbnail/s300_6885.jpeg
21284,Lipinia vittigera,Common Striped Skink,No Data,Animalia,https://www.mybis.gov.my/one/profile.php?sid=21284,https://cms.mybis.gov.my/img/reptilia.png
21764,Lonchura maja,White-headed Munia,No Data,Animalia,https://www.mybis.gov.my/one/profile.php?sid=21764,https://cms.mybis.gov.my/thumbnail/s300_3195.jpeg
21769,Lonchura punctulata,Scaly-breasted Munia,No Data,Animalia,https://www.mybis.gov.my/one/profile.php?sid=21769,https://cms.mybis.gov.my/thumbnail/s300_2913.jpeg
52741,Lutrogale perspicillata,Smooth-coated Otter,No Data,Animalia,https://www.mybis.gov.my/one/profile.php?sid=52741,https://cms.mybis.gov.my/thumbnail/s300_14284.jpeg
58263,Lycodon albofuscus,Dusky Wolf Snake,No Data,Animalia,https://www.mybis.gov.my/one/profile.php?sid=58263,https://cms.mybis.gov.my/thumbnail/s300_9578.jpeg
21276,Lycodon butleri,Butler's Wolf Snake,No Data,Animalia,https://www.mybis.gov.my/one/profile.php?sid=21276,https://cms.mybis.gov.my/thumbnail/s300_11196.jpeg
9920,Lycodon effraenis,Dusky Wolf Snake,No Data,Animalia,https://www.mybis.gov.my/one/profile.php?sid=9920,https://cms.mybis.gov.my/thumbnail/s300_11197.jpeg
21065,Lycodon subannulatus,Malayan Bridle Snake,No Data,Animalia,https://www.mybis.gov.my/one/profile.php?sid=21065,https://cms.mybis.gov.my/thumbnail/s300_3552.jpeg
21279,Lycodon subcinctus,Malayan Banded Wolf Snake,No Data,Animalia,https://www.mybis.gov.my/one/profile.php?sid=21279,https://cms.mybis.gov.my/thumbnail/s300_3555.jpeg
20149,Macaca fascicularis,Long-tailed Macaque,No Data,Animalia,https://www.mybis.gov.my/one/profile.php?sid=20149,https://cms.mybis.gov.my/thumbnail/s300_4308.jpeg
20152,Macaca nemestrina,Pig-tailed Macaque,No Data,Animalia,https://www.mybis.gov.my/one/profile.php?sid=20152,https://cms.mybis.gov.my/thumbnail/s300_4313.jpeg
21323,Macrocalamus chanardi,Chan-ard Mountain Reed Snake,No Data,Animalia,https://www.mybis.gov.my/one/profile.php?sid=21323,https://cms.mybis.gov.my/thumbnail/s300_11199.jpeg
21325,Macrocalamus gentingensis,Genting Highlands Reed Snake,No Data,Animalia,https://www.mybis.gov.my/one/profile.php?sid=21325,https://cms.mybis.gov.my/thumbnail/s300_11200.jpeg
21331,Macrocalamus schulzi,Schulz's Reed Snake,No Data,Animalia,https://www.mybis.gov.my/one/profile.php?sid=21331,https://cms.mybis.gov.my/thumbnail/s300_7664.jpeg
21332,Macrocalamus tweediei,Tweedie's Reed Snake,No Data,Animalia,https://www.mybis.gov.my/one/profile.php?sid=21332,https://cms.mybis.gov.my/img/snake.png
18547,Macroglossus minimus,Long-tongued Nectar Bat,No Data,Animalia,https://www.mybis.gov.my/one/profile.php?sid=18547,https://cms.mybis.gov.my/thumbnail/s300_11558.jpeg
23973,Macrognathus maculatus,Frecklefin Eel,No Data,Animalia,https://www.mybis.gov.my/one/profile.php?sid=23973,https://cms.mybis.gov.my/thumbnail/s300_10028.jpeg
58057,Malayopython reticulatus,Reticulated Python,No Data,Animalia,https://www.mybis.gov.my/one/profile.php?sid=58057,https://cms.mybis.gov.my/thumbnail/s300_7186.jpeg
20162,Manis javanica,Malayan Pangolin,Vulnerable,Animalia,https://www.mybis.gov.my/one/profile.php?sid=20162,https://cms.mybis.gov.my/thumbnail/s300_11607.jpeg
20139,Martes flavigula,Yellow-throated Marten,Near Threat,Animalia,https://www.mybis.gov.my/one/profile.php?sid=20139,https://cms.mybis.gov.my/img/carnivora.png
20171,Maxomys rajah,Rajah Spiny Rat,No Data,Animalia,https://www.mybis.gov.my/one/profile.php?sid=20171,https://cms.mybis.gov.my/thumbnail/s300_2334.jpeg
20172,Maxomys surifer,Tikus Duri Merah,No Data,Animalia,https://www.mybis.gov.my/one/profile.php?sid=20172,https://cms.mybis.gov.my/thumbnail/s300_13009.jpeg
20174,Maxomys whiteheadi,Whitehead's Rat,No Data,Animalia,https://www.mybis.gov.my/one/profile.php?sid=20174,https://cms.mybis.gov.my/thumbnail/s300_4970.jpeg
18550,Megaderma spasma,Malaysian False Vampire,No Data,Animalia,https://www.mybis.gov.my/one/profile.php?sid=18550,https://cms.mybis.gov.my/thumbnail/s300_11556.jpeg
18554,Megaerops ecaudatus,Tailless Fruit Bat,No Data,Animalia,https://www.mybis.gov.my/one/profile.php?sid=18554,https://cms.mybis.gov.my/thumbnail/s300_11555.jpeg
19690,Megophrys aceras,Perak Spadefoot Toad,No Data,Animalia,https://www.mybis.gov.my/one/profile.php?sid=19690,https://cms.mybis.gov.my/thumbnail/s300_6945.jpeg
52625,Megophrys longipes,Malacca Spadefoot Frog,No Data,Animalia,https://www.mybis.gov.my/one/profile.php?sid=52625,https://cms.mybis.gov.my/thumbnail/s300_7120.jpeg
9969,Megophrys nasuta,Malayan Horned Frog,No Data,Animalia,https://www.mybis.gov.my/one/profile.php?sid=9969,https://cms.mybis.gov.my/thumbnail/s300_7118.jpeg
21878,Meiglyptes tristis,White-rumped Woodpecker,No Data,Animalia,https://www.mybis.gov.my/one/profile.php?sid=21878,https://cms.mybis.gov.my/thumbnail/s300_2782.jpeg
21879,Meiglyptes tukki,Buff-necked Woodpecker,No Data,Animalia,https://www.mybis.gov.my/one/profile.php?sid=21879,https://cms.mybis.gov.my/thumbnail/s300_3559.jpeg
21887,Merops philippinus,Blue-tailed Bee-eater,No Data,Animalia,https://www.mybis.gov.my/one/profile.php?sid=21887,https://cms.mybis.gov.my/thumbnail/s300_3005.jpeg
21888,Merops viridis,Blue-throated Bee-eater,No Data,Animalia,https://www.mybis.gov.my/one/profile.php?sid=21888,https://cms.mybis.gov.my/thumbnail/s300_2777.jpeg
21941,Microhierax fringillarius,Black-thighed Falconet,No Data,Animalia,https://www.mybis.gov.my/one/profile.php?sid=21941,https://cms.mybis.gov.my/thumbnail/s300_3561.jpeg
9990,Microhyla berdmorei,Berdmore's Narrow-mouthed Frog,No Data,Animalia,https://www.mybis.gov.my/one/profile.php?sid=9990,https://cms.mybis.gov.my/thumbnail/s300_6888.jpeg
19588,Microhyla butleri,Katak Padi Butler,No Data,Animalia,https://www.mybis.gov.my/one/profile.php?sid=19588,https://cms.mybis.gov.my/thumbnail/s300_6890.jpeg
19591,Microhyla heymonsi,Dark-sided Narrow-mouthed Frog,No Data,Animalia,https://www.mybis.gov.my/one/profile.php?sid=19591,https://cms.mybis.gov.my/thumbnail/s300_6892.jpeg
9991,Microhyla mantheyi,Manthey's Narrow-mouthed Frog,No Data,Animalia,https://www.mybis.gov.my/one/profile.php?sid=9991,https://cms.mybis.gov.my/thumbnail/s300_2351.jpeg
52406,Micropternus brachyurus,Rufous Woodpecker,No Data,Animalia,https://www.mybis.gov.my/one/profile.php?sid=52406,https://cms.mybis.gov.my/thumbnail/s300_3756.jpeg
20214,Miniopterus schreibersii,Common Bent-winged Bat,No Data,Animalia,https://www.mybis.gov.my/one/profile.php?sid=20214,https://cms.mybis.gov.my/thumbnail/s300_12511.jpeg
20239,Muntiacus muntjak,Common Barking Deer,No Data,Animalia,https://www.mybis.gov.my/one/profile.php?sid=20239,https://cms.mybis.gov.my/thumbnail/s300_14138.jpeg
20222,Murina aenea,Bronze Tube-nosed Bat,No Data,Animalia,https://www.mybis.gov.my/one/profile.php?sid=20222,https://cms.mybis.gov.my/thumbnail/s300_11552.jpeg
20224,Murina cyclotis,Orange Tube-nosed Bat,No Data,Animalia,https://www.mybis.gov.my/one/profile.php?sid=20224,https://cms.mybis.gov.my/img/bat.png
20227,Murina rozendaali,Gilded Tube-nosed Bat,No Data,Animalia,https://www.mybis.gov.my/one/profile.php?sid=20227,https://cms.mybis.gov.my/img/bat.png
18561,Murina suilla,Brown Tube-nosed Bat,No Data,Animalia,https://www.mybis.gov.my/one/profile.php?sid=18561,https://cms.mybis.gov.my/thumbnail/s300_5017.jpeg
21961,Muscicapa dauurica,Asian Brown Flycatcher,No Data,Animalia,https://www.mybis.gov.my/one/profile.php?sid=21961,https://cms.mybis.gov.my/thumbnail/s300_2747.jpeg
21967,Muscicapa sibirica,Dark-sided Flycatcher,No Data,Animalia,https://www.mybis.gov.my/one/profile.php?sid=21967,https://cms.mybis.gov.my/thumbnail/s300_2806.jpeg
22476,Myotis hermani,Herman's Myotis,Vulnerable,Animalia,https://www.mybis.gov.my/one/profile.php?sid=22476,https://cms.mybis.gov.my/img/bat.png
20233,Myotis horsfieldii,Horsefield's Bat,No Data,Animalia,https://www.mybis.gov.my/one/profile.php?sid=20233,https://cms.mybis.gov.my/img/bat.png
20234,Myotis montivagus,Large Brown Myotis,No Data,Animalia,https://www.mybis.gov.my/one/profile.php?sid=20234,https://cms.mybis.gov.my/img/bat.png
18568,Myotis muricola,Whiskered Bat,No Data,Animalia,https://www.mybis.gov.my/one/profile.php?sid=18568,https://cms.mybis.gov.my/thumbnail/s300_9978.jpeg
18571,Myotis ridleyi,Kelawar Tikus Telinga Kecil,No Data,Animalia,https://www.mybis.gov.my/one/profile.php?sid=18571,https://cms.mybis.gov.my/thumbnail/s300_11546.jpeg
21356,Naja sumatrana,Sumatran Spitting Cobra,No Data,Animalia,https://www.mybis.gov.my/one/profile.php?sid=21356,https://cms.mybis.gov.my/thumbnail/s300_10327.jpeg
20265,Neofelis nebulosa,Clouded Leopard,Near Threat,Animalia,https://www.mybis.gov.my/one/profile.php?sid=20265,https://cms.mybis.gov.my/img/carnivora.png
48722,Nephila pilipes,Golden Web Spider,No Data,Animalia,https://www.mybis.gov.my/one/profile.php?sid=48722,https://cms.mybis.gov.my/thumbnail/s300_9545.jpeg
52405,Nisaetus nanus,Wallace's Hawk-eagle,No Data,Animalia,https://www.mybis.gov.my/one/profile.php?sid=52405,https://cms.mybis.gov.my/thumbnail/s300_3868.jpeg
20294,Niviventer cremoriventer,Dark-tailed Tree Rat,No Data,Animalia,https://www.mybis.gov.my/one/profile.php?sid=20294,https://cms.mybis.gov.my/img/shrew.png
52743,Nycteris tragata,Malayan Slit-faced Bat,No Data,Animalia,https://www.mybis.gov.my/one/profile.php?sid=52743,https://cms.mybis.gov.my/img/bat.png
20279,Nycticebus coucang,Slow Loris,No Data,Animalia,https://www.mybis.gov.my/one/profile.php?sid=20279,https://cms.mybis.gov.my/thumbnail/s300_5610.jpeg
9984,Nyctixalus pictus,Cinnamon Frog,No Data,Animalia,https://www.mybis.gov.my/one/profile.php?sid=9984,https://cms.mybis.gov.my/thumbnail/s300_7468.jpeg
9979,Occidozyga laevis,Yellow-bellied Puddle Frog,No Data,Animalia,https://www.mybis.gov.my/one/profile.php?sid=9979,https://cms.mybis.gov.my/thumbnail/s300_6895.jpeg
52289,Occidozyga martensii,Marten’s Puddle Frog,No Data,Animalia,https://www.mybis.gov.my/one/profile.php?sid=52289,https://cms.mybis.gov.my/thumbnail/s300_7113.jpeg
9983,Odorrana hosii,Poisonous Rock Frog,No Data,Animalia,https://www.mybis.gov.my/one/profile.php?sid=9983,https://cms.mybis.gov.my/thumbnail/s300_5152.jpeg
21347,Oligodon purpurascens,Brown Kukri Snake,No Data,Animalia,https://www.mybis.gov.my/one/profile.php?sid=21347,https://cms.mybis.gov.my/thumbnail/s300_3557.jpeg
9942,Ophiophagus hannah,King Cobra,No Data,Animalia,https://www.mybis.gov.my/one/profile.php?sid=9942,https://cms.mybis.gov.my/thumbnail/s300_6286.jpeg
53769,Oreocryptophis porphyraceus,Red Bamboo Trinket Snake,No Data,Animalia,https://www.mybis.gov.my/one/profile.php?sid=53769,https://cms.mybis.gov.my/img/snake.png
22053,Oriolus chinensis,Black-naped Oriole,No Data,Animalia,https://www.mybis.gov.my/one/profile.php?sid=22053,https://cms.mybis.gov.my/thumbnail/s300_2765.jpeg
22067,Orthotomus atrogularis,Dark-necked Tailorbird,No Data,Animalia,https://www.mybis.gov.my/one/profile.php?sid=22067,https://cms.mybis.gov.my/thumbnail/s300_3704.jpeg
48144,Orthotomus ruficeps,Ashy Tailorbird,No Data,Animalia,https://www.mybis.gov.my/one/profile.php?sid=48144,https://cms.mybis.gov.my/thumbnail/s300_2966.jpeg
22075,Orthotomus sutorius,Common Tailorbird,No Data,Animalia,https://www.mybis.gov.my/one/profile.php?sid=22075,https://cms.mybis.gov.my/thumbnail/s300_5100.jpeg
21434,Ovophis convictus,Mountain Pit Viper,No Data,Animalia,https://www.mybis.gov.my/one/profile.php?sid=21434,https://cms.mybis.gov.my/thumbnail/s300_11203.jpeg
24142,Oxyeleotris marmorata,Ketutu,No Data,Animalia,https://www.mybis.gov.my/one/profile.php?sid=24142,https://cms.mybis.gov.my/thumbnail/s300_9720.jpeg
20272,Paguma larvata,Masked Palm Civet,No Data,Animalia,https://www.mybis.gov.my/one/profile.php?sid=20272,https://cms.mybis.gov.my/thumbnail/s300_8103.jpeg
20267,Panthera pardus,Leopard,Endangered,Animalia,https://www.mybis.gov.my/one/profile.php?sid=20267,https://cms.mybis.gov.my/img/carnivora.png
20274,Paradoxurus musangus,Common Palm Civet,No Data,Animalia,https://www.mybis.gov.my/one/profile.php?sid=20274,https://cms.mybis.gov.my/thumbnail/s300_7225.jpeg
21416,Pareas carinatus,Keeled Slug-eating Snake,No Data,Animalia,https://www.mybis.gov.my/one/profile.php?sid=21416,https://cms.mybis.gov.my/thumbnail/s300_11207.jpeg
48129,Pelargopsis capensis,Stork-billed Kingfisher,No Data,Animalia,https://www.mybis.gov.my/one/profile.php?sid=48129,https://cms.mybis.gov.my/thumbnail/s300_3181.jpeg
22660,Pellorneum bicolor,Ferruginous Babbler,No Data,Animalia,https://www.mybis.gov.my/one/profile.php?sid=22660,https://cms.mybis.gov.my/thumbnail/s300_4521.jpeg
22167,Pellorneum capistratum,Black-capped Babbler,No Data,Animalia,https://www.mybis.gov.my/one/profile.php?sid=22167,https://cms.mybis.gov.my/thumbnail/s300_10556.jpeg
18574,Penthetor lucasi,Dusky Fruit Bat,No Data,Animalia,https://www.mybis.gov.my/one/profile.php?sid=18574,https://cms.mybis.gov.my/thumbnail/s300_11544.jpeg
22169,Pericrocotus divaricatus,Ashy Minivet,No Data,Animalia,https://www.mybis.gov.my/one/profile.php?sid=22169,https://cms.mybis.gov.my/thumbnail/s300_3448.jpeg
22175,Pernis ptilorhynchus,Oriental Honey-buzzard,No Data,Animalia,https://www.mybis.gov.my/one/profile.php?sid=22175,https://cms.mybis.gov.my/thumbnail/s300_2870.jpeg
20292,Petaurista petaurista,Red Giant Flying Squirrel,No Data,Animalia,https://www.mybis.gov.my/one/profile.php?sid=20292,https://cms.mybis.gov.my/thumbnail/s300_13806.jpeg
22189,Phaenicophaeus tristis,Green-billed Malkoha,No Data,Animalia,https://www.mybis.gov.my/one/profile.php?sid=22189,https://cms.mybis.gov.my/thumbnail/s300_3072.jpeg
48727,Philentoma pyrhoptera,Rufous-winged Philentoma,No Data,Animalia,https://www.mybis.gov.my/one/profile.php?sid=48727,https://cms.mybis.gov.my/thumbnail/s300_10878.jpeg
20312,Phoniscus atrox,Groove-toothed Trumpet-eared Bat,Vulnerable,Animalia,https://www.mybis.gov.my/one/profile.php?sid=20312,https://cms.mybis.gov.my/thumbnail/s300_11542.jpeg
9992,Phrynella pulchra,Malacca Frog,No Data,Animalia,https://www.mybis.gov.my/one/profile.php?sid=9992,https://cms.mybis.gov.my/thumbnail/s300_7125.jpeg
19465,Phrynoidis asper,River Toad,No Data,Animalia,https://www.mybis.gov.my/one/profile.php?sid=19465,https://cms.mybis.gov.my/thumbnail/s300_7099.jpeg
22279,Picus puniceus,Crimson-winged Woodpecker,No Data,Animalia,https://www.mybis.gov.my/one/profile.php?sid=22279,https://cms.mybis.gov.my/thumbnail/s300_2805.jpeg
22283,Picus vittatus,Laced Woodpecker,No Data,Animalia,https://www.mybis.gov.my/one/profile.php?sid=22283,https://cms.mybis.gov.my/thumbnail/s300_3084.jpeg
22294,Pitta moluccensis,Blue-winged Pitta,No Data,Animalia,https://www.mybis.gov.my/one/profile.php?sid=22294,https://cms.mybis.gov.my/thumbnail/s300_3007.jpeg
9985,Polypedates leucomystax,Four-lined Tree Frog,No Data,Animalia,https://www.mybis.gov.my/one/profile.php?sid=9985,https://cms.mybis.gov.my/thumbnail/s300_6906.jpeg
19654,Polypedates macrotis,Dark-eared Tree Frog,No Data,Animalia,https://www.mybis.gov.my/one/profile.php?sid=19654,https://cms.mybis.gov.my/thumbnail/s300_7135.jpeg
22333,Polyplectron malacense,Malay Peacock-pheasant,No Data,Animalia,https://www.mybis.gov.my/one/profile.php?sid=22333,https://cms.mybis.gov.my/thumbnail/s300_10790.jpeg
52745,Presbytis femoralis,Banded Surili,No Data,Animalia,https://www.mybis.gov.my/one/profile.php?sid=52745,https://cms.mybis.gov.my/thumbnail/s300_8109.jpeg
52746,Presbytis siamensis,White-thighed Surili,No Data,Animalia,https://www.mybis.gov.my/one/profile.php?sid=52746,https://cms.mybis.gov.my/thumbnail/s300_8112.jpeg
22359,Prinia flaviventris,Yellow-bellied Prinia,No Data,Animalia,https://www.mybis.gov.my/one/profile.php?sid=22359,https://cms.mybis.gov.my/thumbnail/s300_3968.jpeg
22361,Prinia rufescens,Rufescent Prinia,No Data,Animalia,https://www.mybis.gov.my/one/profile.php?sid=22361,https://cms.mybis.gov.my/thumbnail/s300_3153.jpeg
20360,Prionailurus planiceps,Flat-headed Cat,Near Threat,Animalia,https://www.mybis.gov.my/one/profile.php?sid=20360,https://cms.mybis.gov.my/img/carnivora.png
22363,Prionochilus maculatus,Yellow-breasted Flowerpecker,No Data,Animalia,https://www.mybis.gov.my/one/profile.php?sid=22363,https://cms.mybis.gov.my/thumbnail/s300_2947.jpeg
9923,Psammodynastes pulverulentus,Common Mock Viper,No Data,Animalia,https://www.mybis.gov.my/one/profile.php?sid=9923,https://cms.mybis.gov.my/thumbnail/s300_11210.jpeg
58007,Pseudocalotes drogon,Drogon’s False Garden Lizard,No Data,Animalia,https://www.mybis.gov.my/one/profile.php?sid=58007,https://cms.mybis.gov.my/img/reptilia.png
58008,Pseudocalotes rhaegal,Rhaegal’s False Garden Lizard,No Data,Animalia,https://www.mybis.gov.my/one/profile.php?sid=58008,https://cms.mybis.gov.my/img/reptilia.png
9924,Pseudorabdion longiceps,Dwarf Reed Snake,No Data,Animalia,https://www.mybis.gov.my/one/profile.php?sid=9924,https://cms.mybis.gov.my/thumbnail/s300_9581.jpeg
21514,Pseudoxenodon macrops,Big-eyed Bamboo Snake,No Data,Animalia,https://www.mybis.gov.my/one/profile.php?sid=21514,https://cms.mybis.gov.my/img/snake.png
52409,Psilopogon chrysopogon,Gold-whiskered Barbet,No Data,Animalia,https://www.mybis.gov.my/one/profile.php?sid=52409,https://cms.mybis.gov.my/thumbnail/s300_2823.jpeg
52413,Psilopogon lineatus,Lineated Barbet,No Data,Animalia,https://www.mybis.gov.my/one/profile.php?sid=52413,https://cms.mybis.gov.my/thumbnail/s300_2846.jpeg
52417,Psilopogon mystacophanos,Red-throated Barbet,No Data,Animalia,https://www.mybis.gov.my/one/profile.php?sid=52417,https://cms.mybis.gov.my/thumbnail/s300_5105.jpeg
21533,Ptychozoon horsfieldii,Horsfield's Flying Gecko,No Data,Animalia,https://www.mybis.gov.my/one/profile.php?sid=21533,https://cms.mybis.gov.my/img/reptilia.png
24281,Puntioplites bulu,Barb,No Data,Animalia,https://www.mybis.gov.my/one/profile.php?sid=24281,https://cms.mybis.gov.my/thumbnail/s300_8150.jpeg
22413,Pycnonotus brunneus,Red-eyed Bulbul,No Data,Animalia,https://www.mybis.gov.my/one/profile.php?sid=22413,https://cms.mybis.gov.my/thumbnail/s300_2890.jpeg
22423,Pycnonotus finlaysoni,Stripe-throated Bulbul,No Data,Animalia,https://www.mybis.gov.my/one/profile.php?sid=22423,https://cms.mybis.gov.my/thumbnail/s300_3959.jpeg
22427,Pycnonotus goiavier,Yellow-vented Bulbul,No Data,Animalia,https://www.mybis.gov.my/one/profile.php?sid=22427,https://cms.mybis.gov.my/thumbnail/s300_2950.jpeg
22438,Pycnonotus plumosus,Olive-winged Bulbul,No Data,Animalia,https://www.mybis.gov.my/one/profile.php?sid=22438,https://cms.mybis.gov.my/thumbnail/s300_10793.jpeg
22440,Pycnonotus simplex,Cream-vented Bulbul,No Data,Animalia,https://www.mybis.gov.my/one/profile.php?sid=22440,https://cms.mybis.gov.my/thumbnail/s300_3046.jpeg
22449,Pycnonotus zeylanicus,Straw-headed Bulbul,No Data,Animalia,https://www.mybis.gov.my/one/profile.php?sid=22449,https://cms.mybis.gov.my/thumbnail/s300_3410.jpeg
22463,Rallina fasciata,Red-legged Crake,No Data,Animalia,https://www.mybis.gov.my/one/profile.php?sid=22463,https://cms.mybis.gov.my/thumbnail/s300_13461.jpeg
53603,Raorchestes parvulus,Dwarf Bushfrog,No Data,Animalia,https://www.mybis.gov.my/one/profile.php?sid=53603,https://cms.mybis.gov.my/thumbnail/s300_6918.jpeg
20385,Rattus rattus,House Rat,No Data,Animalia,https://www.mybis.gov.my/one/profile.php?sid=20385,https://cms.mybis.gov.my/thumbnail/s300_5947.jpeg
20387,Rattus tiomanicus,Malaysian Field Rat,No Data,Animalia,https://www.mybis.gov.my/one/profile.php?sid=20387,https://cms.mybis.gov.my/thumbnail/s300_5948.jpeg
20376,Ratufa bicolor,Black Giant Squirrel,No Data,Animalia,https://www.mybis.gov.my/one/profile.php?sid=20376,https://cms.mybis.gov.my/thumbnail/s300_2639.jpeg
9927,Rhabdophis chrysargos,Specklebelly Keelback,No Data,Animalia,https://www.mybis.gov.my/one/profile.php?sid=9927,https://cms.mybis.gov.my/thumbnail/s300_7178.jpeg
9926,Rhabdophis conspicillatus,Red-bellied Keelback,No Data,Animalia,https://www.mybis.gov.my/one/profile.php?sid=9926,https://cms.mybis.gov.my/thumbnail/s300_7179.jpeg
19672,Rhacophorus bipunctatus,Twin Spotted Flying Frog,No Data,Animalia,https://www.mybis.gov.my/one/profile.php?sid=19672,https://cms.mybis.gov.my/thumbnail/s300_6921.jpeg
19681,Rhacophorus nigropalmatus,Wallace's Flying Frog,No Data,Animalia,https://www.mybis.gov.my/one/profile.php?sid=19681,https://cms.mybis.gov.my/thumbnail/s300_6927.jpeg
18593,Rhinolophus acuminatus,Acuminate Horseshoe Bat,No Data,Animalia,https://www.mybis.gov.my/one/profile.php?sid=18593,https://cms.mybis.gov.my/thumbnail/s300_11535.jpeg
18594,Rhinolophus affinis,Intermediate Horseshoe Bat,No Data,Animalia,https://www.mybis.gov.my/one/profile.php?sid=18594,https://cms.mybis.gov.my/thumbnail/s300_11534.jpeg
52744,Rhinolophus lepidus,Blyth's Horseshoe Bat,No Data,Animalia,https://www.mybis.gov.my/one/profile.php?sid=52744,https://cms.mybis.gov.my/img/bat.png
18599,Rhinolophus luctus,Greater Woolly Horseshoe,No Data,Animalia,https://www.mybis.gov.my/one/profile.php?sid=18599,https://cms.mybis.gov.my/thumbnail/s300_5021.jpeg
20466,Rhinolophus stheno,Lesser Brown Horseshoe Bat,No Data,Animalia,https://www.mybis.gov.my/one/profile.php?sid=20466,https://cms.mybis.gov.my/thumbnail/s300_11511.jpeg
18602,Rhinolophus trifoliatus,Trefoil Horseshoe Bat,No Data,Animalia,https://www.mybis.gov.my/one/profile.php?sid=18602,https://cms.mybis.gov.my/thumbnail/s300_5745.jpeg
22514,Rhipidura javanica,Malaysian Pied-fantail,No Data,Animalia,https://www.mybis.gov.my/one/profile.php?sid=22514,https://cms.mybis.gov.my/thumbnail/s300_2881.jpeg
20485,Rhizomys sumatrensis,Large Bamboo Rat,No Data,Animalia,https://www.mybis.gov.my/one/profile.php?sid=20485,https://cms.mybis.gov.my/img/animal.png
53916,Rhyticeros subruficollis,Plain-pouched Hornbill,No Data,Animalia,https://www.mybis.gov.my/one/profile.php?sid=53916,https://cms.mybis.gov.my/thumbnail/s300_12938.jpeg
18604,Rousettus amplexicaudatus,Geoffroy's Rousette,No Data,Animalia,https://www.mybis.gov.my/one/profile.php?sid=18604,https://cms.mybis.gov.my/thumbnail/s300_11510.jpeg
22415,Rubigula cyaniventris,Grey-bellied Bulbul,No Data,Animalia,https://www.mybis.gov.my/one/profile.php?sid=22415,https://cms.mybis.gov.my/thumbnail/s300_2829.jpeg
22445,Rubigula squamata,Scaly-breasted Bulbul,No Data,Animalia,https://www.mybis.gov.my/one/profile.php?sid=22445,https://cms.mybis.gov.my/thumbnail/s300_2912.jpeg
22528,Sasia abnormis,Rufous Piculet,No Data,Animalia,https://www.mybis.gov.my/one/profile.php?sid=22528,https://cms.mybis.gov.my/thumbnail/s300_3587.jpeg
21570,Sibynophis collaris,Collared Many-toothed Snake,No Data,Animalia,https://www.mybis.gov.my/one/profile.php?sid=21570,https://cms.mybis.gov.my/img/snake.png
21585,Sphenomorphus cameronicus,Cameron Highlands Forest Skink,No Data,Animalia,https://www.mybis.gov.my/one/profile.php?sid=21585,https://cms.mybis.gov.my/img/reptilia.png
9897,Sphenomorphus scotophilus,Spotted Forest Skink,No Data,Animalia,https://www.mybis.gov.my/one/profile.php?sid=9897,https://cms.mybis.gov.my/img/reptilia.png
22546,Spilornis cheela,Crested Serpent Eagle,No Data,Animalia,https://www.mybis.gov.my/one/profile.php?sid=22546,https://cms.mybis.gov.my/thumbnail/s300_3319.jpeg
22561,Stachyris poliocephala,Grey-headed Babbler,No Data,Animalia,https://www.mybis.gov.my/one/profile.php?sid=22561,https://cms.mybis.gov.my/thumbnail/s300_3325.jpeg
20547,Sundamys muelleri,Müller's Giant Sunda Rat,No Data,Animalia,https://www.mybis.gov.my/one/profile.php?sid=20547,https://cms.mybis.gov.my/thumbnail/s300_14334.jpeg
20552,Sundasciurus hippurus,Horse-tailed Squirrel,No Data,Animalia,https://www.mybis.gov.my/one/profile.php?sid=20552,https://cms.mybis.gov.my/img/animal.png
20555,Sundasciurus lowii,Low's Squirrel,No Data,Animalia,https://www.mybis.gov.my/one/profile.php?sid=20555,https://cms.mybis.gov.my/img/animal.png
20556,Sundasciurus tenuis,Slender Squirrel,No Data,Animalia,https://www.mybis.gov.my/one/profile.php?sid=20556,https://cms.mybis.gov.my/thumbnail/s300_14333.jpeg
22613,Surniculus lugubris,Square-tailed Drongo-cuckoo,No Data,Animalia,https://www.mybis.gov.my/one/profile.php?sid=22613,https://cms.mybis.gov.my/thumbnail/s300_3709.jpeg
20534,Sus scrofa,Wild Boar,No Data,Animalia,https://www.mybis.gov.my/one/profile.php?sid=20534,https://cms.mybis.gov.my/thumbnail/s300_14137.jpeg
48024,Symphalangus syndactylus,Siamang,No Data,Animalia,https://www.mybis.gov.my/one/profile.php?sid=48024,https://cms.mybis.gov.my/thumbnail/s300_5942.jpeg
20537,Tapirus indicus,Malayan Tapir,Endangered,Animalia,https://www.mybis.gov.my/one/profile.php?sid=20537,https://cms.mybis.gov.my/thumbnail/s300_2137.jpeg
22636,Terpsiphone affinis,Blyth's Paradise-flycatcher,No Data,Animalia,https://www.mybis.gov.my/one/profile.php?sid=22636,https://cms.mybis.gov.my/thumbnail/s300_3359.jpeg
19711,Theloderma asperum,Hill Garden Bug-eyed Frog,No Data,Animalia,https://www.mybis.gov.my/one/profile.php?sid=19711,https://cms.mybis.gov.my/thumbnail/s300_6936.jpeg
19712,Theloderma leporosum,Malaya Bug-eyed Frog,No Data,Animalia,https://www.mybis.gov.my/one/profile.php?sid=19712,https://cms.mybis.gov.my/img/frog.png
53608,Theloderma licin,Smooth Tree Frog and Smooth-skinned Wart Frog,No Data,Animalia,https://www.mybis.gov.my/one/profile.php?sid=53608,https://cms.mybis.gov.my/thumbnail/s300_6942.jpeg
22642,Todiramphus chloris,Collared Kingfisher,No Data,Animalia,https://www.mybis.gov.my/one/profile.php?sid=22642,https://cms.mybis.gov.my/thumbnail/s300_3029.jpeg
51637,Trachypithecus obscurus,Dusky Langur,No Data,Animalia,https://www.mybis.gov.my/one/profile.php?sid=51637,https://cms.mybis.gov.my/thumbnail/s300_11293.jpeg
22649,Treron capellei,Large Green Pigeon,No Data,Animalia,https://www.mybis.gov.my/one/profile.php?sid=22649,https://cms.mybis.gov.my/img/aves.png
22659,Treron vernans,Pink-necked Green Pigeon,No Data,Animalia,https://www.mybis.gov.my/one/profile.php?sid=22659,https://cms.mybis.gov.my/thumbnail/s300_11047.jpeg
58162,Trimeresurus nebularis,Cameron Highlands Pit Viper,No Data,Animalia,https://www.mybis.gov.my/one/profile.php?sid=58162,https://cms.mybis.gov.my/thumbnail/s300_6314.jpeg
58159,Trimeresurus sabahi,Sabah Green Pit Viper,No Data,Animalia,https://www.mybis.gov.my/one/profile.php?sid=58159,https://cms.mybis.gov.my/thumbnail/s300_7222.jpeg
21662,Tropidolaemus wagleri,Wagler's Pit Viper,No Data,Animalia,https://www.mybis.gov.my/one/profile.php?sid=21662,https://cms.mybis.gov.my/thumbnail/s300_2717.jpeg
20526,Tupaia glis,Common Treeshrew,No Data,Animalia,https://www.mybis.gov.my/one/profile.php?sid=20526,https://cms.mybis.gov.my/thumbnail/s300_8106.jpeg
20522,Tupaia minor,Pygmy Treeshrew,Vulnerable,Animalia,https://www.mybis.gov.my/one/profile.php?sid=20522,https://cms.mybis.gov.my/img/animal.png
21828,Turdinus abbotti,Abbott's Babbler,No Data,Animalia,https://www.mybis.gov.my/one/profile.php?sid=21828,https://cms.mybis.gov.my/thumbnail/s300_4386.jpeg
22678,Turnix suscitator,Bustard Quail,No Data,Animalia,https://www.mybis.gov.my/one/profile.php?sid=22678,https://cms.mybis.gov.my/thumbnail/s300_2757.jpeg
18613,Tylonycteris pachypus,Lesser Flat-headed Bat,No Data,Animalia,https://www.mybis.gov.my/one/profile.php?sid=18613,https://cms.mybis.gov.my/img/bat.png
18615,Tylonycteris robustula,Large Flat-headed Bat,No Data,Animalia,https://www.mybis.gov.my/one/profile.php?sid=18615,https://cms.mybis.gov.my/img/bat.png
22680,Tyto alba,Barn Owl,No Data,Animalia,https://www.mybis.gov.my/one/profile.php?sid=22680,https://cms.mybis.gov.my/thumbnail/s300_2207.jpeg
53758,Tytthoscincus bukitensis,Bukit Fraser Forest Skink,No Data,Animalia,https://www.mybis.gov.my/one/profile.php?sid=53758,https://cms.mybis.gov.my/img/reptilia.png
21584,Tytthoscincus butleri,Butler’s Forest Skink,No Data,Animalia,https://www.mybis.gov.my/one/profile.php?sid=21584,https://cms.mybis.gov.my/img/reptilia.png
50187,Tytthoscincus kakikecil,Fraser's Hill Forest Skink,No Data,Animalia,https://www.mybis.gov.my/one/profile.php?sid=50187,https://cms.mybis.gov.my/img/reptilia.png
9899,Varanus salvator,Water Monitor,No Data,Animalia,https://www.mybis.gov.my/one/profile.php?sid=9899,https://cms.mybis.gov.my/thumbnail/s300_1486.jpeg
20512,Viverra tangalunga,Malay Civet,No Data,Animalia,https://www.mybis.gov.my/one/profile.php?sid=20512,https://cms.mybis.gov.my/thumbnail/s300_5028.jpeg
20510,Viverra zibetha,Large Indian Civet,Near Threat,Animalia,https://www.mybis.gov.my/one/profile.php?sid=20510,https://cms.mybis.gov.my/img/carnivora.png
21685,Xenelaphis ellipsifer,Ornate Brown Snake,No Data,Animalia,https://www.mybis.gov.my/one/profile.php?sid=21685,https://cms.mybis.gov.my/thumbnail/s300_11219.jpeg
9948,Xenopeltis unicolor,Irridescent Earth Snake,No Data,Animalia,https://www.mybis.gov.my/one/profile.php?sid=9948,https://cms.mybis.gov.my/thumbnail/s300_11221.jpeg
49095,Yungipicus moluccensis,Sunda Pygmy Woodpecker,No Data,Animalia,https://www.mybis.gov.my/one/profile.php?sid=49095,https://cms.mybis.gov.my/thumbnail/s300_3874.jpeg
19683,Zhangixalus prominanus,Malayan Tree Frog,No Data,Animalia,https://www.mybis.gov.my/one/profile.php?sid=19683,https://cms.mybis.gov.my/thumbnail/s300_6933.jpeg
60553,Argyrophis muelleri,Müller's Blind Snake,No Data,Animalia,https://www.mybis.gov.my/one/profile.php?sid=60553,https://cms.mybis.gov.my/thumbnail/s300_11218.jpeg
48737,Asthenodipsas vertebralis,Vertebral Slug Snake,No Data,Animalia,https://www.mybis.gov.my/one/profile.php?sid=48737,https://cms.mybis.gov.my/thumbnail/s300_11146.jpeg
48044,Atherurus macrourus,Brush-tailed Porcupine,No Data,Animalia,https://www.mybis.gov.my/one/profile.php?sid=48044,https://cms.mybis.gov.my/img/porcupine.png
23046,Aviceda leuphotes,Black Baza,No Data,Animalia,https://www.mybis.gov.my/one/profile.php?sid=23046,https://cms.mybis.gov.my/thumbnail/s300_3218.jpeg
18484,Balionycteris maculata,Spotted-wing Fruit Bat,No Data,Animalia,https://www.mybis.gov.my/one/profile.php?sid=18484,https://cms.mybis.gov.my/thumbnail/s300_11525.jpeg
20869,Berenicornis comatus,White-crowned Hornbill,No Data,Animalia,https://www.mybis.gov.my/one/profile.php?sid=20869,https://cms.mybis.gov.my/thumbnail/s300_4083.jpeg
9904,Boiga cynodon,Dog-toothed Cat Snake,No Data,Animalia,https://www.mybis.gov.my/one/profile.php?sid=9904,https://cms.mybis.gov.my/thumbnail/s300_9573.jpeg
9906,Boiga drapiezii,Spotted Cat Snake,No Data,Animalia,https://www.mybis.gov.my/one/profile.php?sid=9906,https://cms.mybis.gov.my/thumbnail/s300_3543.jpeg
20825,Boiga jaspidea,Jasper Cat Snake,No Data,Animalia,https://www.mybis.gov.my/one/profile.php?sid=20825,https://cms.mybis.gov.my/thumbnail/s300_3544.jpeg
19873,Bos gaurus,Malayan Gaur,Vulnerable,Animalia,https://www.mybis.gov.my/one/profile.php?sid=19873,https://cms.mybis.gov.my/thumbnail/s300_7538.jpeg
20954,Buceros rhinoceros,Rhinoceros Hornbill,No Data,Animalia,https://www.mybis.gov.my/one/profile.php?sid=20954,https://cms.mybis.gov.my/thumbnail/s300_2171.jpeg
20831,Bungarus candidus,Malayan Krait,No Data,Animalia,https://www.mybis.gov.my/one/profile.php?sid=20831,https://cms.mybis.gov.my/thumbnail/s300_3546.jpeg
48189,Butorides striata,Little Heron,No Data,Animalia,https://www.mybis.gov.my/one/profile.php?sid=48189,https://cms.mybis.gov.my/thumbnail/s300_2851.jpeg
20964,Cacomantis merulinus,Plaintive Cuckoo,No Data,Animalia,https://www.mybis.gov.my/one/profile.php?sid=20964,https://cms.mybis.gov.my/thumbnail/s300_2882.jpeg
20879,Calamaria lovii,Low's Reed Snake,No Data,Animalia,https://www.mybis.gov.my/one/profile.php?sid=20879,https://cms.mybis.gov.my/img/snake.png
9908,Calamaria lumbricoidea,Variable Reed Snake,No Data,Animalia,https://www.mybis.gov.my/one/profile.php?sid=9908,https://cms.mybis.gov.my/img/snake.png
20871,Calamaria schlegeli,Red-headed Reed Snake,No Data,Animalia,https://www.mybis.gov.my/one/profile.php?sid=20871,https://cms.mybis.gov.my/thumbnail/s300_3545.jpeg
48553,Calliophis bivirgatus,Blue Malaysian Coral Snake,No Data,Animalia,https://www.mybis.gov.my/one/profile.php?sid=48553,https://cms.mybis.gov.my/thumbnail/s300_3548.jpeg
9937,Calliophis gracilis,Spotted Coral Snake,No Data,Animalia,https://www.mybis.gov.my/one/profile.php?sid=9937,https://cms.mybis.gov.my/thumbnail/s300_4260.jpeg
20886,Calliophis intestinalis,Striped Coral Snake,No Data,Animalia,https://www.mybis.gov.my/one/profile.php?sid=20886,https://cms.mybis.gov.my/thumbnail/s300_3549.jpeg
19849,Callosciurus nigrovittatus,Black-banded Squirrel,No Data,Animalia,https://www.mybis.gov.my/one/profile.php?sid=19849,https://cms.mybis.gov.my/thumbnail/s300_11314.jpeg
19850,Callosciurus notatus,Plantain Squirrel,No Data,Animalia,https://www.mybis.gov.my/one/profile.php?sid=19850,https://cms.mybis.gov.my/thumbnail/s300_4695.jpeg
19854,Callosciurus prevostii,Prevost's Squirrel,No Data,Animalia,https://www.mybis.gov.my/one/profile.php?sid=19854,https://cms.mybis.gov.my/thumbnail/s300_1917.jpeg
23119,Calyptomena viridis,Green Broadbill,No Data,Animalia,https://www.mybis.gov.my/one/profile.php?sid=23119,https://cms.mybis.gov.my/thumbnail/s300_3632.jpeg
19879,Capricornis sumatraensis,Sumatran Serow,Near Threat,Animalia,https://www.mybis.gov.my/one/profile.php?sid=19879,https://cms.mybis.gov.my/img/animal.png
48257,Caprimulgus macrurus,Large-tailed Nightjar,No Data,Animalia,https://www.mybis.gov.my/one/profile.php?sid=48257,https://cms.mybis.gov.my/thumbnail/s300_3086.jpeg
19894,Catopuma temminckii,Golden Cat,No Data,Animalia,https://www.mybis.gov.my/one/profile.php?sid=19894,https://cms.mybis.gov.my/img/carnivora.png
21023,Centropus bengalensis,Lesser Coucal,No Data,Animalia,https://www.mybis.gov.my/one/profile.php?sid=21023,https://cms.mybis.gov.my/thumbnail/s300_2843.jpeg
21027,Centropus rectunguis,Short-toed Coucal,No Data,Animalia,https://www.mybis.gov.my/one/profile.php?sid=21027,https://cms.mybis.gov.my/thumbnail/s300_10816.jpeg
47811,Ceyx rufidorsa,Rufous-backed Dwarf-kingfisher,No Data,Animalia,https://www.mybis.gov.my/one/profile.php?sid=47811,https://cms.mybis.gov.my/thumbnail/s300_2901.jpeg
23452,Channa lucius,Forest Snakehead,No Data,Animalia,https://www.mybis.gov.my/one/profile.php?sid=23452,https://cms.mybis.gov.my/thumbnail/s300_14015.jpeg
21041,Charadrius mongolus,Lesser Sand Plover,No Data,Animalia,https://www.mybis.gov.my/one/profile.php?sid=21041,https://cms.mybis.gov.my/thumbnail/s300_2844.jpeg
55465,Charopa lafargei,,No Data,Animalia,https://www.mybis.gov.my/one/profile.php?sid=55465,https://cms.mybis.gov.my/thumbnail/s300_11368.jpeg
18497,Cheiromeles torquatus,Greater Naked Bat,No Data,Animalia,https://www.mybis.gov.my/one/profile.php?sid=18497,https://cms.mybis.gov.my/thumbnail/s300_5018.jpeg
19899,Chiropodomys gliroides,Common Pencil-tailed Tree-mouse,No Data,Animalia,https://www.mybis.gov.my/one/profile.php?sid=19899,https://cms.mybis.gov.my/img/shrew.png
9909,Chrysopelea paradisi,Paradise Tree Snake,No Data,Animalia,https://www.mybis.gov.my/one/profile.php?sid=9909,https://cms.mybis.gov.my/thumbnail/s300_11088.jpeg
20912,Cnemaspis flavolineata,Frasers Hill Rock Gecko,No Data,Animalia,https://www.mybis.gov.my/one/profile.php?sid=20912,https://cms.mybis.gov.my/img/reptilia.png
62163,Cnemaspis temiah,Temiah Rock Gecko,No Data,Animalia,https://www.mybis.gov.my/one/profile.php?sid=62163,https://cms.mybis.gov.my/img/reptilia.png
20904,Coelognathus flavolineatus,Yellow-striped Rat Snake,No Data,Animalia,https://www.mybis.gov.my/one/profile.php?sid=20904,https://cms.mybis.gov.my/thumbnail/s300_9576.jpeg
23107,Collocalia esculenta,White-bellied Swiftlet,No Data,Animalia,https://www.mybis.gov.my/one/profile.php?sid=23107,https://cms.mybis.gov.my/img/swift.png
21170,Copsychus saularis,Oriental Magpie-robin,No Data,Animalia,https://www.mybis.gov.my/one/profile.php?sid=21170,https://cms.mybis.gov.my/thumbnail/s300_3132.jpeg
21192,Corvus macrorhynchos,Large-billed Crow,No Data,Animalia,https://www.mybis.gov.my/one/profile.php?sid=21192,https://cms.mybis.gov.my/thumbnail/s300_7220.jpeg
19895,Cuon alpinus,Dhole,Near Threat,Animalia,https://www.mybis.gov.my/one/profile.php?sid=19895,https://cms.mybis.gov.my/img/carnivora.png
9934,Cylindrophis ruffus,Red-tailed Pipe Snake,No Data,Animalia,https://www.mybis.gov.my/one/profile.php?sid=9934,https://cms.mybis.gov.my/img/snake.png
21224,Cymbirhynchus macrorhynchos,Black-and-red Broadbill,No Data,Animalia,https://www.mybis.gov.my/one/profile.php?sid=21224,https://cms.mybis.gov.my/thumbnail/s300_3600.jpeg
18503,Cynopterus brachyotis,Forest Short-nosed Fruit Bat,No Data,Animalia,https://www.mybis.gov.my/one/profile.php?sid=18503,https://cms.mybis.gov.my/thumbnail/s300_5418.jpeg
18514,Cynopterus horsfieldii,Horsfields Fruit Bat,No Data,Animalia,https://www.mybis.gov.my/one/profile.php?sid=18514,https://cms.mybis.gov.my/thumbnail/s300_7263.jpeg
21235,Cyornis rufigastra,Mangrove Blue Flycatcher,No Data,Animalia,https://www.mybis.gov.my/one/profile.php?sid=21235,https://cms.mybis.gov.my/thumbnail/s300_3119.jpeg
62176,Cyrtodactylus bintangtinggi,Bintang Mountain Bent-toed Gecko,No Data,Animalia,https://www.mybis.gov.my/one/profile.php?sid=62176,https://cms.mybis.gov.my/img/reptilia.png
20995,Cyrtodactylus elok,Malaysia Bow-fingered Gecko,No Data,Animalia,https://www.mybis.gov.my/one/profile.php?sid=20995,https://cms.mybis.gov.my/thumbnail/s300_10282.jpeg
21006,Cyrtodactylus quadrivirgatus,Four-striped Forest,No Data,Animalia,https://www.mybis.gov.my/one/profile.php?sid=21006,https://cms.mybis.gov.my/thumbnail/s300_9591.jpeg
9891,Dasia olivacea,Olive Tree Skink,No Data,Animalia,https://www.mybis.gov.my/one/profile.php?sid=9891,https://cms.mybis.gov.my/thumbnail/s300_2398.jpeg
21265,Dendrocygna javanica,Lesser Whistling Duck,No Data,Animalia,https://www.mybis.gov.my/one/profile.php?sid=21265,https://cms.mybis.gov.my/thumbnail/s300_2845.jpeg
21314,Dicaeum cruentatum,Scarlet-backed Flowerpecker,No Data,Animalia,https://www.mybis.gov.my/one/profile.php?sid=21314,https://cms.mybis.gov.my/thumbnail/s300_2729.jpeg
19991,Dicerorhinus sumatrensis,Sumatran Rhinoceros,Critically Endangered,Animalia,https://www.mybis.gov.my/one/profile.php?sid=19991,https://cms.mybis.gov.my/thumbnail/s300_11086.jpeg
21326,Dicrurus leucophaeus,Ashy Drongo,No Data,Animalia,https://www.mybis.gov.my/one/profile.php?sid=21326,https://cms.mybis.gov.my/thumbnail/s300_2965.jpeg
21349,Dinopium javanense,Common Flameback Woodpecker,No Data,Animalia,https://www.mybis.gov.my/one/profile.php?sid=21349,https://cms.mybis.gov.my/thumbnail/s300_3031.jpeg
21058,Draco haematopogon,Yellow-bearded Gliding Lizard,No Data,Animalia,https://www.mybis.gov.my/one/profile.php?sid=21058,https://cms.mybis.gov.my/img/reptilia.png
21068,Dryophiops rubescens,Keel-bellied Whip Snake,No Data,Animalia,https://www.mybis.gov.my/one/profile.php?sid=21068,https://cms.mybis.gov.my/img/snake.png
9966,Duttaphrynus melanostictus,Asian Common Toad,No Data,Animalia,https://www.mybis.gov.my/one/profile.php?sid=9966,https://cms.mybis.gov.my/thumbnail/s300_7098.jpeg
20619,Echinosorex gymnura,Moon Rat,Vulnerable,Animalia,https://www.mybis.gov.my/one/profile.php?sid=20619,https://cms.mybis.gov.my/thumbnail/s300_10487.jpeg
21382,Elanus caeruleus,Black-winged Kite,No Data,Animalia,https://www.mybis.gov.my/one/profile.php?sid=21382,https://cms.mybis.gov.my/thumbnail/s300_2766.jpeg
18517,Emballonura monticola,Lesser Sheath-tailed Bat,No Data,Animalia,https://www.mybis.gov.my/one/profile.php?sid=18517,https://cms.mybis.gov.my/thumbnail/s300_11589.jpeg
18529,Eonycteris spelaea,Cave Nectar Bat,No Data,Animalia,https://www.mybis.gov.my/one/profile.php?sid=18529,https://cms.mybis.gov.my/thumbnail/s300_9977.jpeg
52426,Eudynamys scolopaceus,Asian Koel,No Data,Animalia,https://www.mybis.gov.my/one/profile.php?sid=52426,https://cms.mybis.gov.my/thumbnail/s300_2750.jpeg
21466,Eurystomus orientalis,Dollarbird,No Data,Animalia,https://www.mybis.gov.my/one/profile.php?sid=21466,https://cms.mybis.gov.my/thumbnail/s300_4016.jpeg
19488,Fejervarya limnocharis,Grass Frog,No Data,Animalia,https://www.mybis.gov.my/one/profile.php?sid=19488,https://cms.mybis.gov.my/thumbnail/s300_4434.jpeg
21477,Ficedula dumetoria,Rufous-chested Flycatcher,No Data,Animalia,https://www.mybis.gov.my/one/profile.php?sid=21477,https://cms.mybis.gov.my/thumbnail/s300_2905.jpeg
21478,Ficedula hyperythra,Snowy-browed Flycatcher,No Data,Animalia,https://www.mybis.gov.my/one/profile.php?sid=21478,https://cms.mybis.gov.my/thumbnail/s300_3173.jpeg
21487,Ficedula zanthopygia,Yellow-rumped Flycatcher,No Data,Animalia,https://www.mybis.gov.my/one/profile.php?sid=21487,https://cms.mybis.gov.my/thumbnail/s300_3970.jpeg
48008,Galeopterus variegatus,Sunda Flying Lemur,No Data,Animalia,https://www.mybis.gov.my/one/profile.php?sid=48008,https://cms.mybis.gov.my/thumbnail/s300_4315.jpeg
21510,Gallus gallus,Red Junglefowl,No Data,Animalia,https://www.mybis.gov.my/one/profile.php?sid=21510,https://cms.mybis.gov.my/thumbnail/s300_11082.jpeg
9885,Gekko smithii,Forest Gecko,No Data,Animalia,https://www.mybis.gov.my/one/profile.php?sid=9885,https://cms.mybis.gov.my/thumbnail/s300_2733.jpeg
21527,Geopelia striata,Zebra Dove,No Data,Animalia,https://www.mybis.gov.my/one/profile.php?sid=21527,https://cms.mybis.gov.my/thumbnail/s300_2646.jpeg
21529,Gerygone sulphurea,Golden-bellied Gerygone,No Data,Animalia,https://www.mybis.gov.my/one/profile.php?sid=21529,https://cms.mybis.gov.my/thumbnail/s300_2822.jpeg
65988,Gongylosoma baliodeira,Boie's Smooth Snake,No Data,Animalia,https://www.mybis.gov.my/one/profile.php?sid=65988,https://cms.mybis.gov.my/thumbnail/s300_11190.jpeg
9875,Gonocephalus bellii,Bell's Forest Dragon,No Data,Animalia,https://www.mybis.gov.my/one/profile.php?sid=9875,https://cms.mybis.gov.my/thumbnail/s300_13472.jpeg
9876,Gonocephalus grandis,Giant Forest Dragon,No Data,Animalia,https://www.mybis.gov.my/one/profile.php?sid=9876,https://cms.mybis.gov.my/thumbnail/s300_3666.jpeg
9916,Gonyosoma oxycephalum,Red-tailed Green Ratsnake,No Data,Animalia,https://www.mybis.gov.my/one/profile.php?sid=9916,https://cms.mybis.gov.my/thumbnail/s300_3553.jpeg
21541,Gracula religiosa,Common Hill Myna,No Data,Animalia,https://www.mybis.gov.my/one/profile.php?sid=21541,https://cms.mybis.gov.my/thumbnail/s300_10948.jpeg
21559,Halcyon coromanda,Ruddy Kingfisher,No Data,Animalia,https://www.mybis.gov.my/one/profile.php?sid=21559,https://cms.mybis.gov.my/thumbnail/s300_3151.jpeg
21560,Halcyon pileata,Black-capped Kingfisher,No Data,Animalia,https://www.mybis.gov.my/one/profile.php?sid=21560,https://cms.mybis.gov.my/thumbnail/s300_2761.jpeg
21561,Halcyon smyrnensis,White-throated Kingfisher,No Data,Animalia,https://www.mybis.gov.my/one/profile.php?sid=21561,https://cms.mybis.gov.my/thumbnail/s300_4118.jpeg
21565,Haliastur indus,Brahminy Kite,No Data,Animalia,https://www.mybis.gov.my/one/profile.php?sid=21565,https://cms.mybis.gov.my/thumbnail/s300_4124.jpeg
21569,Harpactes kasumba,Red-naped Trogon,No Data,Animalia,https://www.mybis.gov.my/one/profile.php?sid=21569,https://cms.mybis.gov.my/thumbnail/s300_1473.jpeg
58180,Hebius inas,Gunung Inas Keelback,No Data,Animalia,https://www.mybis.gov.my/one/profile.php?sid=58180,https://cms.mybis.gov.my/img/snake.png
55316,Hebius sanguineum,Red Mountain Keelback,No Data,Animalia,https://www.mybis.gov.my/one/profile.php?sid=55316,https://cms.mybis.gov.my/thumbnail/s300_3540.jpeg
58184,Hebius sarawacense,Sarawak Keelback,No Data,Animalia,https://www.mybis.gov.my/one/profile.php?sid=58184,https://cms.mybis.gov.my/img/snake.png
20023,Helarctos malayanus,Malayan Sun Bear,Vulnerable,Animalia,https://www.mybis.gov.my/one/profile.php?sid=20023,https://cms.mybis.gov.my/thumbnail/s300_2333.jpeg
9886,Hemidactylus frenatus,Common House Gecko,No Data,Animalia,https://www.mybis.gov.my/one/profile.php?sid=9886,https://cms.mybis.gov.my/thumbnail/s300_6677.jpeg
20027,Hemigalus derbyanus,Banded Civet,No Data,Animalia,https://www.mybis.gov.my/one/profile.php?sid=20027,https://cms.mybis.gov.my/img/carnivora.png
47830,Hemiprocne longipennis,Grey-rumped Treeswift,No Data,Animalia,https://www.mybis.gov.my/one/profile.php?sid=47830,https://cms.mybis.gov.my/thumbnail/s300_4482.jpeg
20048,Herpestes urva,Crab-eating Mongoose,Endangered,Animalia,https://www.mybis.gov.my/one/profile.php?sid=20048,https://cms.mybis.gov.my/img/carnivora.png
48021,Hipposideros bicolor,Bicolour Roundleaf Horseshoe Bat,No Data,Animalia,https://www.mybis.gov.my/one/profile.php?sid=48021,https://cms.mybis.gov.my/thumbnail/s300_5952.jpeg
20063,Hipposideros cineraceus,Least Leaf-nosed Bat,No Data,Animalia,https://www.mybis.gov.my/one/profile.php?sid=20063,https://cms.mybis.gov.my/thumbnail/s300_11578.jpeg
18535,Hipposideros diadema,Diadem Roundleaf Bat,No Data,Animalia,https://www.mybis.gov.my/one/profile.php?sid=18535,https://cms.mybis.gov.my/thumbnail/s300_5012.jpeg
48022,Hipposideros doriae,Least Roundleaf Bat,No Data,Animalia,https://www.mybis.gov.my/one/profile.php?sid=48022,https://cms.mybis.gov.my/thumbnail/s300_11576.jpeg
18537,Hipposideros galeritus,Cantor's Roundleaf Horseshoe Bat,No Data,Animalia,https://www.mybis.gov.my/one/profile.php?sid=18537,https://cms.mybis.gov.my/thumbnail/s300_11575.jpeg
21677,Hirundo tahitica,Pacific Swallow,No Data,Animalia,https://www.mybis.gov.my/one/profile.php?sid=21677,https://cms.mybis.gov.my/thumbnail/s300_4702.jpeg
9982,Hylarana erythraea,Green Paddy Frog,No Data,Animalia,https://www.mybis.gov.my/one/profile.php?sid=9982,https://cms.mybis.gov.my/thumbnail/s300_4431.jpeg
53588,Hylarana glandulosa,Rough-sided Frog,No Data,Animalia,https://www.mybis.gov.my/one/profile.php?sid=53588,https://cms.mybis.gov.my/thumbnail/s300_7455.jpeg
53589,Hylarana laterimaculata,Side-spotted Swamp Frog,No Data,Animalia,https://www.mybis.gov.my/one/profile.php?sid=53589,https://cms.mybis.gov.my/thumbnail/s300_7129.jpeg
53573,Hylarana nicobariensis,Nicobar Island Frog,No Data,Animalia,https://www.mybis.gov.my/one/profile.php?sid=53573,https://cms.mybis.gov.my/thumbnail/s300_4429.jpeg
20083,Hylobates agilis,Agile Gibbon,No Data,Animalia,https://www.mybis.gov.my/one/profile.php?sid=20083,https://cms.mybis.gov.my/img/monkey.png
20084,Hylobates lar,White-handed Gibbon,No Data,Animalia,https://www.mybis.gov.my/one/profile.php?sid=20084,https://cms.mybis.gov.my/img/monkey.png
20095,Hystrix brachyura,Malayan Porcupine,No Data,Animalia,https://www.mybis.gov.my/one/profile.php?sid=20095,https://cms.mybis.gov.my/thumbnail/s300_7544.jpeg
50281,Ideopsis vulgaris,Dark Blue Glassy Tiger,No Data,Animalia,https://www.mybis.gov.my/one/profile.php?sid=50281,https://cms.mybis.gov.my/thumbnail/s300_2242.jpeg
9965,Ingerophrynus parvus,Dwarf Toad,No Data,Animalia,https://www.mybis.gov.my/one/profile.php?sid=9965,https://cms.mybis.gov.my/thumbnail/s300_7100.jpeg
21707,Iole crypta,Buff-vented Bulbul,No Data,Animalia,https://www.mybis.gov.my/one/profile.php?sid=21707,https://cms.mybis.gov.my/thumbnail/s300_2784.jpeg
18545,Kerivoula pellucida,Clear-winged Woolly Bat,No Data,Animalia,https://www.mybis.gov.my/one/profile.php?sid=18545,https://cms.mybis.gov.my/thumbnail/s300_11560.jpeg
21720,Ketupa ketupu,Malay Buffy Fish Owl,No Data,Animalia,https://www.mybis.gov.my/one/profile.php?sid=21720,https://cms.mybis.gov.my/thumbnail/s300_4154.jpeg
21724,Lacedo pulchella,Banded Kingfisher,No Data,Animalia,https://www.mybis.gov.my/one/profile.php?sid=21724,https://cms.mybis.gov.my/thumbnail/s300_4116.jpeg
21725,Lalage nigra,Pied Triller,No Data,Animalia,https://www.mybis.gov.my/one/profile.php?sid=21725,https://cms.mybis.gov.my/thumbnail/s300_10794.jpeg
21726,Lanius cristatus,Brown Shrike,No Data,Animalia,https://www.mybis.gov.my/one/profile.php?sid=21726,https://cms.mybis.gov.my/thumbnail/s300_3476.jpeg
20110,Lariscus insignis,Three-striped Squirrel,No Data,Animalia,https://www.mybis.gov.my/one/profile.php?sid=20110,https://cms.mybis.gov.my/img/animal.png
21185,Larutia miodactyla,Single Finger Larut Skink,No Data,Animalia,https://www.mybis.gov.my/one/profile.php?sid=21185,https://cms.mybis.gov.my/img/reptilia.png
21191,Larutia trifasciata,Three-lined Limbless Skink,No Data,Animalia,https://www.mybis.gov.my/one/profile.php?sid=21191,https://cms.mybis.gov.my/img/reptilia.png
20131,Leopoldamys sabanus,Long-tailed Giant Rat,No Data,Animalia,https://www.mybis.gov.my/one/profile.php?sid=20131,https://cms.mybis.gov.my/thumbnail/s300_11317.jpeg
19552,Leptobrachella heteropus,Malaysian Asian Toad,No Data,Animalia,https://www.mybis.gov.my/one/profile.php?sid=19552,https://cms.mybis.gov.my/thumbnail/s300_6870.jpeg
19526,Leptobrachium hendricksoni,Spotted Litter Frog,No Data,Animalia,https://www.mybis.gov.my/one/profile.php?sid=19526,https://cms.mybis.gov.my/thumbnail/s300_6867.jpeg
19710,Leptomantis robinsonii,Robinson's Treefrog,No Data,Animalia,https://www.mybis.gov.my/one/profile.php?sid=19710,https://cms.mybis.gov.my/thumbnail/s300_6934.jpeg
9968,Leptophryne borbonica,Cross Toad,No Data,Animalia,https://www.mybis.gov.my/one/profile.php?sid=9968,https://cms.mybis.gov.my/thumbnail/s300_7104.jpeg
9972,Limnonectes blythii,Giant Frog,No Data,Animalia,https://www.mybis.gov.my/one/profile.php?sid=9972,https://cms.mybis.gov.my/thumbnail/s300_7108.jpeg
9974,Limnonectes hascheanus,Hill-forest Frog,No Data,Animalia,https://www.mybis.gov.my/one/profile.php?sid=9974,https://cms.mybis.gov.my/thumbnail/s300_6875.jpeg
19561,Limnonectes kuhlii,Kuhl's Creek Frog,No Data,Animalia,https://www.mybis.gov.my/one/profile.php?sid=19561,https://cms.mybis.gov.my/thumbnail/s300_6878.jpeg
9973,Limnonectes laticeps,Rivulet Frog,No Data,Animalia,https://www.mybis.gov.my/one/profile.php?sid=9973,https://cms.mybis.gov.my/thumbnail/s300_1478.jpeg
12621,Abundisporus fuscopurpureus,,No Data,Fungi,https://www.mybis.gov.my/one/profile.php?sid=12621,https://cms.mybis.gov.my/img/fungi.png
9014,Aigialus grandis,,No Data,Fungi,https://www.mybis.gov.my/one/profile.php?sid=9014,https://cms.mybis.gov.my/img/fungi.png
9023,Aigialus parvus,,No Data,Fungi,https://www.mybis.gov.my/one/profile.php?sid=9023,https://cms.mybis.gov.my/img/fungi.png
9084,Amanita tjibodensis,,No Data,Fungi,https://www.mybis.gov.my/one/profile.php?sid=9084,https://cms.mybis.gov.my/thumbnail/s300_2623.jpeg
9091,Amauroderma rugosum,Cendawan Budak Sawan,No Data,Fungi,https://www.mybis.gov.my/one/profile.php?sid=9091,https://cms.mybis.gov.my/thumbnail/s300_650.jpeg
9394,Auricularia delicata,Korong,No Data,Fungi,https://www.mybis.gov.my/one/profile.php?sid=9394,https://cms.mybis.gov.my/img/fungi.png
9396,Auricularia polytricha,Korong,No Data,Fungi,https://www.mybis.gov.my/one/profile.php?sid=9396,https://cms.mybis.gov.my/img/fungi.png
49209,Bisporella citrina,Yellow Fairy Cups,No Data,Fungi,https://www.mybis.gov.my/one/profile.php?sid=49209,https://cms.mybis.gov.my/thumbnail/s300_9445.jpeg
9658,Cercospora beticola,,No Data,Fungi,https://www.mybis.gov.my/one/profile.php?sid=9658,https://cms.mybis.gov.my/img/fungi.png
10885,Cookeina sulcipes,Kulat Mangkuk,No Data,Fungi,https://www.mybis.gov.my/one/profile.php?sid=10885,https://cms.mybis.gov.my/thumbnail/s300_644.jpeg
10894,Cookeina tricholoma,Cendawan Rambut,No Data,Fungi,https://www.mybis.gov.my/one/profile.php?sid=10894,https://cms.mybis.gov.my/thumbnail/s300_5746.jpeg
10895,Copelandia affinis,,No Data,Fungi,https://www.mybis.gov.my/one/profile.php?sid=10895,https://cms.mybis.gov.my/img/fungi.png
10896,Coprinellus disseminatus,,No Data,Fungi,https://www.mybis.gov.my/one/profile.php?sid=10896,https://cms.mybis.gov.my/thumbnail/s300_11258.jpeg
10925,Coriolopsis brunneoleuca,,No Data,Fungi,https://www.mybis.gov.my/one/profile.php?sid=10925,https://cms.mybis.gov.my/img/fungi.png
10934,Corollospora besarispora,,No Data,Fungi,https://www.mybis.gov.my/one/profile.php?sid=10934,https://cms.mybis.gov.my/img/fungi.png
61145,Cyptotrama asprata,,No Data,Fungi,https://www.mybis.gov.my/one/profile.php?sid=61145,https://cms.mybis.gov.my/img/fungi.png
11406,Dacryopinax spathularia,Fan-shaped Jelly Fungus,No Data,Fungi,https://www.mybis.gov.my/one/profile.php?sid=11406,https://cms.mybis.gov.my/thumbnail/s300_2601.jpeg
59983,Dictyophora multicolor,,No Data,Fungi,https://www.mybis.gov.my/one/profile.php?sid=59983,https://cms.mybis.gov.my/img/fungi.png
11712,Dimeromyces platydematis,,No Data,Fungi,https://www.mybis.gov.my/one/profile.php?sid=11712,https://cms.mybis.gov.my/img/fungi.png
11795,Earliella scabrosa,,No Data,Fungi,https://www.mybis.gov.my/one/profile.php?sid=11795,https://cms.mybis.gov.my/thumbnail/s300_1043.jpeg
61046,Favolaschia manipularis,,No Data,Fungi,https://www.mybis.gov.my/one/profile.php?sid=61046,https://cms.mybis.gov.my/thumbnail/s300_2602.jpeg
12118,Flabellophora licmophora,,No Data,Fungi,https://www.mybis.gov.my/one/profile.php?sid=12118,https://cms.mybis.gov.my/img/fungi.png
11415,Fomitella rhodophaea,,No Data,Fungi,https://www.mybis.gov.my/one/profile.php?sid=11415,https://cms.mybis.gov.my/img/fungi.png
21297,Fusarium longipes,,No Data,Fungi,https://www.mybis.gov.my/one/profile.php?sid=21297,https://cms.mybis.gov.my/img/fungi.png
12755,Fusarium oxysporum,,No Data,Fungi,https://www.mybis.gov.my/one/profile.php?sid=12755,https://cms.mybis.gov.my/img/fungi.png
12608,Ganoderma applanatum,Artists Bracket,No Data,Fungi,https://www.mybis.gov.my/one/profile.php?sid=12608,https://cms.mybis.gov.my/thumbnail/s300_9454.jpeg
12610,Ganoderma australe,,No Data,Fungi,https://www.mybis.gov.my/one/profile.php?sid=12610,https://cms.mybis.gov.my/thumbnail/s300_643.jpeg
12798,Ganoderma lucidum,Kulat Kayu,No Data,Fungi,https://www.mybis.gov.my/one/profile.php?sid=12798,https://cms.mybis.gov.my/img/fungi.png
12834,Geastrum javanicum,,No Data,Fungi,https://www.mybis.gov.my/one/profile.php?sid=12834,https://cms.mybis.gov.my/img/fungi.png
12849,Gloeocantharellus echinosporus,,No Data,Fungi,https://www.mybis.gov.my/one/profile.php?sid=12849,https://cms.mybis.gov.my/img/fungi.png
12946,Halocyphina villosa,,No Data,Fungi,https://www.mybis.gov.my/one/profile.php?sid=12946,https://cms.mybis.gov.my/img/fungi.png
12948,Halorosellinia oceanica,,No Data,Fungi,https://www.mybis.gov.my/one/profile.php?sid=12948,https://cms.mybis.gov.my/img/fungi.png
12960,Heimiomyces neovelutipes,,No Data,Fungi,https://www.mybis.gov.my/one/profile.php?sid=12960,https://cms.mybis.gov.my/img/fungi.png
12349,Hymenochaete cacao,,No Data,Fungi,https://www.mybis.gov.my/one/profile.php?sid=12349,https://cms.mybis.gov.my/img/fungi.png
12928,Inflatostereum glabrum,,No Data,Fungi,https://www.mybis.gov.my/one/profile.php?sid=12928,https://cms.mybis.gov.my/img/fungi.png
13379,Laboulbenia cristata,,No Data,Fungi,https://www.mybis.gov.my/one/profile.php?sid=13379,https://cms.mybis.gov.my/img/fungi.png
13396,Laboulbenia palmella,,No Data,Fungi,https://www.mybis.gov.my/one/profile.php?sid=13396,https://cms.mybis.gov.my/img/fungi.png
13399,Laboulbenia polyphaga,,No Data,Fungi,https://www.mybis.gov.my/one/profile.php?sid=13399,https://cms.mybis.gov.my/img/fungi.png
13404,Laboulbenia strangulata,,No Data,Fungi,https://www.mybis.gov.my/one/profile.php?sid=13404,https://cms.mybis.gov.my/img/fungi.png
49216,Lentaria micheneri,Blue Bustard,No Data,Fungi,https://www.mybis.gov.my/one/profile.php?sid=49216,https://cms.mybis.gov.my/thumbnail/s300_9459.jpeg
13510,Lentaria surculus,,No Data,Fungi,https://www.mybis.gov.my/one/profile.php?sid=13510,https://cms.mybis.gov.my/img/fungi.png
13666,Lentinus sajor-caju,,No Data,Fungi,https://www.mybis.gov.my/one/profile.php?sid=13666,https://cms.mybis.gov.my/thumbnail/s300_8287.jpeg
13518,Lentinus velutinus,,No Data,Fungi,https://www.mybis.gov.my/one/profile.php?sid=13518,https://cms.mybis.gov.my/img/fungi.png
58253,Luttrellia estuarina,,No Data,Fungi,https://www.mybis.gov.my/one/profile.php?sid=58253,https://cms.mybis.gov.my/img/fungi.png
58468,Massarina lacertensis,,No Data,Fungi,https://www.mybis.gov.my/one/profile.php?sid=58468,https://cms.mybis.gov.my/img/fungi.png
58800,Mauritiana rhizophorae,,No Data,Fungi,https://www.mybis.gov.my/one/profile.php?sid=58800,https://cms.mybis.gov.my/img/fungi.png
21901,Microporus affinis,,No Data,Fungi,https://www.mybis.gov.my/one/profile.php?sid=21901,https://cms.mybis.gov.my/thumbnail/s300_9287.jpeg
52043,Microporus xanthopus,Cendawan Pengering,No Data,Fungi,https://www.mybis.gov.my/one/profile.php?sid=52043,https://cms.mybis.gov.my/thumbnail/s300_9291.jpeg
59938,Micropsalliota erythrospila,,No Data,Fungi,https://www.mybis.gov.my/one/profile.php?sid=59938,https://cms.mybis.gov.my/img/fungi.png
14020,Mycena gigantospora,,No Data,Fungi,https://www.mybis.gov.my/one/profile.php?sid=14020,https://cms.mybis.gov.my/img/fungi.png
14030,Mycena pelliculosa,,No Data,Fungi,https://www.mybis.gov.my/one/profile.php?sid=14030,https://cms.mybis.gov.my/img/fungi.png
14040,Mycena roseilignicola,,No Data,Fungi,https://www.mybis.gov.my/one/profile.php?sid=14040,https://cms.mybis.gov.my/img/fungi.png
12955,Natantispora retorquens,,No Data,Fungi,https://www.mybis.gov.my/one/profile.php?sid=12955,https://cms.mybis.gov.my/img/fungi.png
58283,Neolinocarpon globosicarpum,,No Data,Fungi,https://www.mybis.gov.my/one/profile.php?sid=58283,https://cms.mybis.gov.my/img/fungi.png
58301,Nigroporus vinosus,,No Data,Fungi,https://www.mybis.gov.my/one/profile.php?sid=58301,https://cms.mybis.gov.my/img/fungi.png
60079,Phylloporus bellus,,No Data,Fungi,https://www.mybis.gov.my/one/profile.php?sid=60079,https://cms.mybis.gov.my/img/fungi.png
12023,Polyporus grammocephalus,,No Data,Fungi,https://www.mybis.gov.my/one/profile.php?sid=12023,https://cms.mybis.gov.my/thumbnail/s300_2597.jpeg
62004,Polyporus virgatus,,No Data,Fungi,https://www.mybis.gov.my/one/profile.php?sid=62004,https://cms.mybis.gov.my/img/fungi.png
23808,Pseudocercospora eupatorii-formosanae,,No Data,Fungi,https://www.mybis.gov.my/one/profile.php?sid=23808,https://cms.mybis.gov.my/img/fungi.png
23997,Pycnoporus sanguineus,Cendawan Bering,No Data,Fungi,https://www.mybis.gov.my/one/profile.php?sid=23997,https://cms.mybis.gov.my/thumbnail/s300_10.jpeg
58801,Pyrenographa xylographoides,,No Data,Fungi,https://www.mybis.gov.my/one/profile.php?sid=58801,https://cms.mybis.gov.my/img/fungi.png
12687,Pyrofomes albomarginatus,,No Data,Fungi,https://www.mybis.gov.my/one/profile.php?sid=12687,https://cms.mybis.gov.my/img/fungi.png
58438,Quintaria lignatilis,,No Data,Fungi,https://www.mybis.gov.my/one/profile.php?sid=58438,https://cms.mybis.gov.my/img/fungi.png
60568,Ramaria polypus,,No Data,Fungi,https://www.mybis.gov.my/one/profile.php?sid=60568,https://cms.mybis.gov.my/img/fungi.png
58343,Rickia eumorphi,,No Data,Fungi,https://www.mybis.gov.my/one/profile.php?sid=58343,https://cms.mybis.gov.my/img/fungi.png
12692,Rigidoporus microporus,,No Data,Fungi,https://www.mybis.gov.my/one/profile.php?sid=12692,https://cms.mybis.gov.my/thumbnail/s300_11266.jpeg
9342,Rimora mangrovei,,No Data,Fungi,https://www.mybis.gov.my/one/profile.php?sid=9342,https://cms.mybis.gov.my/img/fungi.png
58827,Savoryella lignicola,,No Data,Fungi,https://www.mybis.gov.my/one/profile.php?sid=58827,https://cms.mybis.gov.my/img/fungi.png
58828,Savoryella longispora,,No Data,Fungi,https://www.mybis.gov.my/one/profile.php?sid=58828,https://cms.mybis.gov.my/img/fungi.png
24025,Schizophyllum commune,Cendawan Kukur,No Data,Fungi,https://www.mybis.gov.my/one/profile.php?sid=24025,https://cms.mybis.gov.my/thumbnail/s300_1045.jpeg
62257,Scleroderma dictyosporum,,No Data,Fungi,https://www.mybis.gov.my/one/profile.php?sid=62257,https://cms.mybis.gov.my/img/fungi.png
24026,Scleroderma sinnamariense,,No Data,Fungi,https://www.mybis.gov.my/one/profile.php?sid=24026,https://cms.mybis.gov.my/thumbnail/s300_5262.jpeg
60411,Scytinopogon angulisporus,,No Data,Fungi,https://www.mybis.gov.my/one/profile.php?sid=60411,https://cms.mybis.gov.my/img/fungi.png
58305,Stereum hirsutum,,No Data,Fungi,https://www.mybis.gov.my/one/profile.php?sid=58305,https://cms.mybis.gov.my/img/fungi.png
24197,Stereum ostrea,False Turkey-tail,No Data,Fungi,https://www.mybis.gov.my/one/profile.php?sid=24197,https://cms.mybis.gov.my/thumbnail/s300_1047.jpeg
62274,Stereum rimosum,,No Data,Fungi,https://www.mybis.gov.my/one/profile.php?sid=62274,https://cms.mybis.gov.my/img/fungi.png
60688,Termitomyces striatus,,No Data,Fungi,https://www.mybis.gov.my/one/profile.php?sid=60688,https://cms.mybis.gov.my/img/fungi.png
60811,Tetrapyrgos nigripes,,No Data,Fungi,https://www.mybis.gov.my/one/profile.php?sid=60811,https://cms.mybis.gov.my/img/fungi.png
58867,Torpedospora radiata,,No Data,Fungi,https://www.mybis.gov.my/one/profile.php?sid=58867,https://cms.mybis.gov.my/img/fungi.png
62023,Trametes ectypa,,No Data,Fungi,https://www.mybis.gov.my/one/profile.php?sid=62023,https://cms.mybis.gov.my/img/fungi.png
55143,Tremella fuciformis,Kulat Lidah Katak,No Data,Fungi,https://www.mybis.gov.my/one/profile.php?sid=55143,https://cms.mybis.gov.my/thumbnail/s300_9457.jpeg
60560,Turbinellus stereoides,,No Data,Fungi,https://www.mybis.gov.my/one/profile.php?sid=60560,https://cms.mybis.gov.my/img/fungi.png
11679,Verruculina enalia,,No Data,Fungi,https://www.mybis.gov.my/one/profile.php?sid=11679,https://cms.mybis.gov.my/img/fungi.png
59910,Xylaria holobapha,,No Data,Fungi,https://www.mybis.gov.my/one/profile.php?sid=59910,https://cms.mybis.gov.my/img/fungi.png
24569,Xylaria hypoxylon,Candlesnuff,No Data,Fungi,https://www.mybis.gov.my/one/profile.php?sid=24569,https://cms.mybis.gov.my/thumbnail/s300_9458.jpeg
24583,Xylaria ianthinovelutina,,No Data,Fungi,https://www.mybis.gov.my/one/profile.php?sid=24583,https://cms.mybis.gov.my/img/fungi.png
59921,Xylaria polymorpha,Dead Man's Fingers,No Data,Fungi,https://www.mybis.gov.my/one/profile.php?sid=59921,https://cms.mybis.gov.my/thumbnail/s300_9456.jpeg
16466,Acanthus ilicifolius,Holy Mangrove,Not Evaluated,Plantae,https://www.mybis.gov.my/one/profile.php?sid=16466,https://cms.mybis.gov.my/thumbnail/s300_8931.jpeg
15181,Acrosorus friderici-et-pauli,,Low Concern,Plantae,https://www.mybis.gov.my/one/profile.php?sid=15181,https://cms.mybis.gov.my/img/plant.png
31594,Acrosorus streptophyllus,,Low Concern,Plantae,https://www.mybis.gov.my/one/profile.php?sid=31594,https://cms.mybis.gov.my/img/plant.png
47203,Actinidia latifolia,Wild Kiwi Fruit,No Data,Plantae,https://www.mybis.gov.my/one/profile.php?sid=47203,https://cms.mybis.gov.my/img/plant.png
10332,Actinostachys digitata,,Low Concern,Plantae,https://www.mybis.gov.my/one/profile.php?sid=10332,https://cms.mybis.gov.my/img/plant.png
58503,Actinostachys wagneri,,Near Threat,Plantae,https://www.mybis.gov.my/one/profile.php?sid=58503,https://cms.mybis.gov.my/img/plant.png
22980,Adenia macrophylla,Akar Lempedu Gajah,Endangered,Plantae,https://www.mybis.gov.my/one/profile.php?sid=22980,https://cms.mybis.gov.my/thumbnail/s300_9494.jpeg
60002,Adenia penangiana,,Near Threat,Plantae,https://www.mybis.gov.my/one/profile.php?sid=60002,https://cms.mybis.gov.my/img/plant.png
4912,Adiantum caudatum,Walking Maidenhair,Low Concern,Plantae,https://www.mybis.gov.my/one/profile.php?sid=4912,https://cms.mybis.gov.my/img/plant.png
31597,Adiantum stenochlamys,,Low Concern,Plantae,https://www.mybis.gov.my/one/profile.php?sid=31597,https://cms.mybis.gov.my/img/plant.png
591,Agathis borneensis,Damar Minyak,Near Threat,Plantae,https://www.mybis.gov.my/one/profile.php?sid=591,https://cms.mybis.gov.my/thumbnail/s300_4257.jpeg
7717,Aglaia argentea,Bekak,Low Concern,Plantae,https://www.mybis.gov.my/one/profile.php?sid=7717,https://cms.mybis.gov.my/thumbnail/s300_907.jpeg
4779,Aglaia crassinervia,Balim,Low Concern,Plantae,https://www.mybis.gov.my/one/profile.php?sid=4779,https://cms.mybis.gov.my/img/plant.png
9349,Aglaia edulis,Lantupak,Low Concern,Plantae,https://www.mybis.gov.my/one/profile.php?sid=9349,https://cms.mybis.gov.my/img/plant.png
12080,Aglaia elliptica,Lambunau,Low Concern,Plantae,https://www.mybis.gov.my/one/profile.php?sid=12080,https://cms.mybis.gov.my/img/plant.png
10540,Aglaia erythrosperma,Bunya,Low Concern,Plantae,https://www.mybis.gov.my/one/profile.php?sid=10540,https://cms.mybis.gov.my/img/plant.png
10097,Aglaia eximia,Bekak,Low Concern,Plantae,https://www.mybis.gov.my/one/profile.php?sid=10097,https://cms.mybis.gov.my/img/plant.png
10051,Aglaia exstipulata,Stalkless Aglaia,Low Concern,Plantae,https://www.mybis.gov.my/one/profile.php?sid=10051,https://cms.mybis.gov.my/img/plant.png
14698,Aglaia forbesii,Bekak,Low Concern,Plantae,https://www.mybis.gov.my/one/profile.php?sid=14698,https://cms.mybis.gov.my/thumbnail/s300_558.jpeg
13884,Aglaia glabrata,Pasak,Near Threat,Plantae,https://www.mybis.gov.my/one/profile.php?sid=13884,https://cms.mybis.gov.my/thumbnail/s300_908.jpeg
16076,Aglaia grandis,Pasak Lingga,Near Threat,Plantae,https://www.mybis.gov.my/one/profile.php?sid=16076,https://cms.mybis.gov.my/thumbnail/s300_559.jpeg
17082,Aglaia hiernii,Jalungang Sasak,Near Threat,Plantae,https://www.mybis.gov.my/one/profile.php?sid=17082,https://cms.mybis.gov.my/img/plant.png
28358,Aglaia korthalsii,Kiah,Low Concern,Plantae,https://www.mybis.gov.my/one/profile.php?sid=28358,https://cms.mybis.gov.my/thumbnail/s300_10234.jpeg
47252,Aglaia lawii,Bekak,Low Concern,Plantae,https://www.mybis.gov.my/one/profile.php?sid=47252,https://cms.mybis.gov.my/thumbnail/s300_5732.jpeg
46307,Aglaia leptantha,Langsat-langsat,Near Threat,Plantae,https://www.mybis.gov.my/one/profile.php?sid=46307,https://cms.mybis.gov.my/img/plant.png
20213,Aglaia leucophylla,Bekak Kedondong,Low Concern,Plantae,https://www.mybis.gov.my/one/profile.php?sid=20213,https://cms.mybis.gov.my/img/plant.png
23006,Aglaia macrostigma,Memberas,Low Concern,Plantae,https://www.mybis.gov.my/one/profile.php?sid=23006,https://cms.mybis.gov.my/img/plant.png
30557,Aglaia pachyphylla,Koping-koping,Low Concern,Plantae,https://www.mybis.gov.my/one/profile.php?sid=30557,https://cms.mybis.gov.my/img/plant.png
30580,Aglaia perviridis,,Data Deficient,Plantae,https://www.mybis.gov.my/one/profile.php?sid=30580,https://cms.mybis.gov.my/img/plant.png
30450,Aglaia rubiginosa,Bekak,Near Threat,Plantae,https://www.mybis.gov.my/one/profile.php?sid=30450,https://cms.mybis.gov.my/thumbnail/s300_1953.jpeg
30502,Aglaia rufinervis,Bekak,Low Concern,Plantae,https://www.mybis.gov.my/one/profile.php?sid=30502,https://cms.mybis.gov.my/img/plant.png
31096,Aglaia sexipetala,Bekak,Low Concern,Plantae,https://www.mybis.gov.my/one/profile.php?sid=31096,https://cms.mybis.gov.my/img/plant.png
31100,Aglaia silvestris,Bekak,Low Concern,Plantae,https://www.mybis.gov.my/one/profile.php?sid=31100,https://cms.mybis.gov.my/img/plant.png
31111,Aglaia simplicifolia,Bekak,Low Concern,Plantae,https://www.mybis.gov.my/one/profile.php?sid=31111,https://cms.mybis.gov.my/img/plant.png
31688,Aglaia speciosa,Bekak,Near Threat,Plantae,https://www.mybis.gov.my/one/profile.php?sid=31688,https://cms.mybis.gov.my/img/plant.png
31689,Aglaia spectabilis,Bekak,Low Concern,Plantae,https://www.mybis.gov.my/one/profile.php?sid=31689,https://cms.mybis.gov.my/img/plant.png
31692,Aglaia squamulosa,Bekak,Near Threat,Plantae,https://www.mybis.gov.my/one/profile.php?sid=31692,https://cms.mybis.gov.my/img/plant.png
35603,Aglaia tenuicaulis,Sengkerlit,Low Concern,Plantae,https://www.mybis.gov.my/one/profile.php?sid=35603,https://cms.mybis.gov.my/img/plant.png
38181,Aglaia tomentosa,Bekak,Low Concern,Plantae,https://www.mybis.gov.my/one/profile.php?sid=38181,https://cms.mybis.gov.my/img/plant.png
3427,Litchi chinensis,Lychee,Low Concern,Plantae,https://www.mybis.gov.my/one/profile.php?sid=3427,https://cms.mybis.gov.my/thumbnail/s300_5277.jpeg
21408,Lomariopsis lineata,Piai Lasa,Near Threat,Plantae,https://www.mybis.gov.my/one/profile.php?sid=21408,https://cms.mybis.gov.my/img/plant.png
8955,Loxogramme avenia,,Low Concern,Plantae,https://www.mybis.gov.my/one/profile.php?sid=8955,https://cms.mybis.gov.my/img/plant.png
2522,Loxogramme centicola,,Near Threat,Plantae,https://www.mybis.gov.my/one/profile.php?sid=2522,https://cms.mybis.gov.my/img/plant.png
35733,Loxogramme subecostata,,Low Concern,Plantae,https://www.mybis.gov.my/one/profile.php?sid=35733,https://cms.mybis.gov.my/img/plant.png
5304,Lycopodium clavatum,Wolf's-foot Clubmoss,Low Concern,Plantae,https://www.mybis.gov.my/one/profile.php?sid=5304,https://cms.mybis.gov.my/img/plant.png
14195,Lygodium flexuosum,Ribu-ribu Gajah,Low Concern,Plantae,https://www.mybis.gov.my/one/profile.php?sid=14195,https://cms.mybis.gov.my/img/plant.png
45776,Lygodium longifolium,Finger Lygodium,Low Concern,Plantae,https://www.mybis.gov.my/one/profile.php?sid=45776,https://cms.mybis.gov.my/img/plant.png
40763,Lygodium polystachyum,,Low Concern,Plantae,https://www.mybis.gov.my/one/profile.php?sid=40763,https://cms.mybis.gov.my/img/plant.png
13420,Macaranga gigantea,Mahang Gajah,Not Evaluated,Plantae,https://www.mybis.gov.my/one/profile.php?sid=13420,https://cms.mybis.gov.my/thumbnail/s300_677.jpeg
736,Magnolia betongensis,,Low Concern,Plantae,https://www.mybis.gov.my/one/profile.php?sid=736,https://cms.mybis.gov.my/img/plant.png
12358,Magnolia elegans,Cempaka Hutan,Low Concern,Plantae,https://www.mybis.gov.my/one/profile.php?sid=12358,https://cms.mybis.gov.my/thumbnail/s300_5964.jpeg
20656,Magnolia liliifera,Egg Magnolia,Near Threat,Plantae,https://www.mybis.gov.my/one/profile.php?sid=20656,https://cms.mybis.gov.my/thumbnail/s300_1535.jpeg
27485,Magnolia macklottii,,Near Threat,Plantae,https://www.mybis.gov.my/one/profile.php?sid=27485,https://cms.mybis.gov.my/thumbnail/s300_1539.jpeg
27496,Magnolia montana,Chempaka Hutan,Near Threat,Plantae,https://www.mybis.gov.my/one/profile.php?sid=27496,https://cms.mybis.gov.my/img/plant.png
42833,Magnolia singapurensis,,Data Deficient,Plantae,https://www.mybis.gov.my/one/profile.php?sid=42833,https://cms.mybis.gov.my/img/plant.png
45440,Magnolia utilis,,Near Threat,Plantae,https://www.mybis.gov.my/one/profile.php?sid=45440,https://cms.mybis.gov.my/img/plant.png
41269,Magnolia villosa,,Near Threat,Plantae,https://www.mybis.gov.my/one/profile.php?sid=41269,https://cms.mybis.gov.my/img/plant.png
5909,Mastixia cuspidata,Biansu Gunong,Low Concern,Plantae,https://www.mybis.gov.my/one/profile.php?sid=5909,https://cms.mybis.gov.my/img/plant.png
39119,Mastixia trichotoma,Bantis,Low Concern,Plantae,https://www.mybis.gov.my/one/profile.php?sid=39119,https://cms.mybis.gov.my/img/plant.png
42867,Matthaea sancta,Pokok Cherum,Low Concern,Plantae,https://www.mybis.gov.my/one/profile.php?sid=42867,https://cms.mybis.gov.my/img/plant.png
35960,Melientha suavis,Buah Chemperei,Near Threat,Plantae,https://www.mybis.gov.my/one/profile.php?sid=35960,https://cms.mybis.gov.my/img/plant.png
1958,Melodinus cochinchinensis,,Data Deficient,Plantae,https://www.mybis.gov.my/one/profile.php?sid=1958,https://cms.mybis.gov.my/img/plant.png
33315,Melodinus orientalis,Akar Ujul,Low Concern,Plantae,https://www.mybis.gov.my/one/profile.php?sid=33315,https://cms.mybis.gov.my/thumbnail/s300_5133.jpeg
1802,Memecylon acuminatum,,Endangered,Plantae,https://www.mybis.gov.my/one/profile.php?sid=1802,https://cms.mybis.gov.my/img/plant.png
3711,Memecylon cantleyi,Nipis Kulit,Low Concern,Plantae,https://www.mybis.gov.my/one/profile.php?sid=3711,https://cms.mybis.gov.my/thumbnail/s300_577.jpeg
8733,Memecylon dichotomum,Nipis Kulit,Data Deficient,Plantae,https://www.mybis.gov.my/one/profile.php?sid=8733,https://cms.mybis.gov.my/thumbnail/s300_578.jpeg
9329,Memecylon edule,Nipis Kulit,Low Concern,Plantae,https://www.mybis.gov.my/one/profile.php?sid=9329,https://cms.mybis.gov.my/thumbnail/s300_14220.jpeg
10155,Memecylon excelsum,Nipis Kulit,Low Concern,Plantae,https://www.mybis.gov.my/one/profile.php?sid=10155,https://cms.mybis.gov.my/img/plant.png
14434,Memecylon floridum,,Low Concern,Plantae,https://www.mybis.gov.my/one/profile.php?sid=14434,https://cms.mybis.gov.my/img/plant.png
15282,Memecylon fruticosum,,Low Concern,Plantae,https://www.mybis.gov.my/one/profile.php?sid=15282,https://cms.mybis.gov.my/img/plant.png
12854,Memecylon garcinioides,,Low Concern,Plantae,https://www.mybis.gov.my/one/profile.php?sid=12854,https://cms.mybis.gov.my/img/plant.png
32293,Memecylon oleifolium,Delek Putih,Low Concern,Plantae,https://www.mybis.gov.my/one/profile.php?sid=32293,https://cms.mybis.gov.my/img/plant.png
41053,Memecylon paniculatum,,Low Concern,Plantae,https://www.mybis.gov.my/one/profile.php?sid=41053,https://cms.mybis.gov.my/img/plant.png
41055,Memecylon pauciflorum,,Near Threat,Plantae,https://www.mybis.gov.my/one/profile.php?sid=41055,https://cms.mybis.gov.my/thumbnail/s300_586.jpeg
41059,Memecylon pubescens,,Low Concern,Plantae,https://www.mybis.gov.my/one/profile.php?sid=41059,https://cms.mybis.gov.my/img/plant.png
44670,Memecylon wallichii,,Low Concern,Plantae,https://www.mybis.gov.my/one/profile.php?sid=44670,https://cms.mybis.gov.my/img/plant.png
43026,Micrechites serpyllifolius,,Low Concern,Plantae,https://www.mybis.gov.my/one/profile.php?sid=43026,https://cms.mybis.gov.my/img/plant.png
16962,Microsorum heterocarpum,,Near Threat,Plantae,https://www.mybis.gov.my/one/profile.php?sid=16962,https://cms.mybis.gov.my/img/plant.png
41177,Microsorum pteropus,,Low Concern,Plantae,https://www.mybis.gov.my/one/profile.php?sid=41177,https://cms.mybis.gov.my/thumbnail/s300_858.jpeg
41180,Microsorum punctatum,Fish Tail Fern,Low Concern,Plantae,https://www.mybis.gov.my/one/profile.php?sid=41180,https://cms.mybis.gov.my/thumbnail/s300_861.jpeg
42950,Microsorum sarawakense,,Low Concern,Plantae,https://www.mybis.gov.my/one/profile.php?sid=42950,https://cms.mybis.gov.my/thumbnail/s300_866.jpeg
42951,Microsorum scolopendria,Paku Wangi,Low Concern,Plantae,https://www.mybis.gov.my/one/profile.php?sid=42951,https://cms.mybis.gov.my/thumbnail/s300_868.jpeg
41218,Mischocarpus pentapetalus,Ling Bray,Low Concern,Plantae,https://www.mybis.gov.my/one/profile.php?sid=41218,https://cms.mybis.gov.my/img/plant.png
3131,Momordica charantia,Bitter Gourd,Low Concern,Plantae,https://www.mybis.gov.my/one/profile.php?sid=3131,https://cms.mybis.gov.my/thumbnail/s300_1862.jpeg
5134,Momordica clarkeana,,Vulnerable,Plantae,https://www.mybis.gov.my/one/profile.php?sid=5134,https://cms.mybis.gov.my/img/plant.png
36082,Momordica subangulata,,Data Deficient,Plantae,https://www.mybis.gov.my/one/profile.php?sid=36082,https://cms.mybis.gov.my/img/plant.png
10524,Morella esculenta,Telur Cicak,Low Concern,Plantae,https://www.mybis.gov.my/one/profile.php?sid=10524,https://cms.mybis.gov.my/img/plant.png
4603,Myristica cinnamomea,Pokok Buah Pala,Low Concern,Plantae,https://www.mybis.gov.my/one/profile.php?sid=4603,https://cms.mybis.gov.my/img/plant.png
4938,Myristica crassa,,Near Threat,Plantae,https://www.mybis.gov.my/one/profile.php?sid=4938,https://cms.mybis.gov.my/img/plant.png
12077,Myristica elliptica,Penarahan Arang Ayer,Low Concern,Plantae,https://www.mybis.gov.my/one/profile.php?sid=12077,https://cms.mybis.gov.my/img/plant.png
13443,Myristica gigantea,Penarahan Arang Bukit,Low Concern,Plantae,https://www.mybis.gov.my/one/profile.php?sid=13443,https://cms.mybis.gov.my/img/plant.png
18649,Myristica iners,Penarahan Arang,Low Concern,Plantae,https://www.mybis.gov.my/one/profile.php?sid=18649,https://cms.mybis.gov.my/img/plant.png
45554,Myristica lowiana,Penarah Arang Gambut,Near Threat,Plantae,https://www.mybis.gov.my/one/profile.php?sid=45554,https://cms.mybis.gov.my/img/plant.png
27864,Myristica maingayi,Penarahan Arang Bukit,Low Concern,Plantae,https://www.mybis.gov.my/one/profile.php?sid=27864,https://cms.mybis.gov.my/img/plant.png
27868,Myristica malaccensis,,Near Threat,Plantae,https://www.mybis.gov.my/one/profile.php?sid=27868,https://cms.mybis.gov.my/img/plant.png
27871,Myristica maxima,Penarahan Arang,Low Concern,Plantae,https://www.mybis.gov.my/one/profile.php?sid=27871,https://cms.mybis.gov.my/img/plant.png
44712,Myristica wyatt-smithii,,Near Threat,Plantae,https://www.mybis.gov.my/one/profile.php?sid=44712,https://cms.mybis.gov.my/img/plant.png
27941,Nenga macrocarpa,Large-fruited Nenga Palm,Not Evaluated,Plantae,https://www.mybis.gov.my/one/profile.php?sid=27941,https://cms.mybis.gov.my/thumbnail/s300_646.jpeg
16836,Neobalanocarpus heimii,Chengal,Near Threat,Plantae,https://www.mybis.gov.my/one/profile.php?sid=16836,https://cms.mybis.gov.my/thumbnail/s300_13053.jpeg
15206,Nepenthes gracilis,Periuk Kera,Low Concern,Plantae,https://www.mybis.gov.my/one/profile.php?sid=15206,https://cms.mybis.gov.my/thumbnail/s300_2095.jpeg
5079,Nephelium costatum,,Low Concern,Plantae,https://www.mybis.gov.my/one/profile.php?sid=5079,https://cms.mybis.gov.my/img/plant.png
5977,Nephelium cuspidatum,Lotong,Low Concern,Plantae,https://www.mybis.gov.my/one/profile.php?sid=5977,https://cms.mybis.gov.my/thumbnail/s300_913.jpeg
16657,Nephelium hamulatum,,Low Concern,Plantae,https://www.mybis.gov.my/one/profile.php?sid=16657,https://cms.mybis.gov.my/img/plant.png
47023,Nephelium lappaceum,Rambutan Hutan,Low Concern,Plantae,https://www.mybis.gov.my/one/profile.php?sid=47023,https://cms.mybis.gov.my/thumbnail/s300_915.jpeg
47031,Nephelium laurinum,Geril,Low Concern,Plantae,https://www.mybis.gov.my/one/profile.php?sid=47031,https://cms.mybis.gov.my/img/plant.png
27984,Nephelium maingayi,Redan,Low Concern,Plantae,https://www.mybis.gov.my/one/profile.php?sid=27984,https://cms.mybis.gov.my/thumbnail/s300_918.jpeg
36213,Nephelium subfalcatum,,Near Threat,Plantae,https://www.mybis.gov.my/one/profile.php?sid=36213,https://cms.mybis.gov.my/img/plant.png
1122,Nephrolepis biserrata,Paku Uban and Sword Fern,Low Concern,Plantae,https://www.mybis.gov.my/one/profile.php?sid=1122,https://cms.mybis.gov.my/thumbnail/s300_817.jpeg
5955,Nephrolepis davallioides,,Low Concern,Plantae,https://www.mybis.gov.my/one/profile.php?sid=5955,https://cms.mybis.gov.my/thumbnail/s300_821.jpeg
12021,Nephrolepis falciformis,Paku Uban,Low Concern,Plantae,https://www.mybis.gov.my/one/profile.php?sid=12021,https://cms.mybis.gov.my/thumbnail/s300_822.jpeg
29686,Neuropeltis racemosa,,Low Concern,Plantae,https://www.mybis.gov.my/one/profile.php?sid=29686,https://cms.mybis.gov.my/thumbnail/s300_9503.jpeg
12042,Ochanostachys amentacea,Petaling,Low Concern,Plantae,https://www.mybis.gov.my/one/profile.php?sid=12042,https://cms.mybis.gov.my/thumbnail/s300_5594.jpeg
16490,Olax imbricata,,Near Threat,Plantae,https://www.mybis.gov.my/one/profile.php?sid=16490,https://cms.mybis.gov.my/img/plant.png
6365,Oleandra cumingii,,Low Concern,Plantae,https://www.mybis.gov.my/one/profile.php?sid=6365,https://cms.mybis.gov.my/thumbnail/s300_825.jpeg
6876,Oreogrammitis congener,,Low Concern,Plantae,https://www.mybis.gov.my/one/profile.php?sid=6876,https://cms.mybis.gov.my/thumbnail/s300_1763.jpeg
41199,Oreogrammitis reinwardtii,,Low Concern,Plantae,https://www.mybis.gov.my/one/profile.php?sid=41199,https://cms.mybis.gov.my/img/plant.png
41443,Palaquium rostratum,Nyatoh Sidang,Not Evaluated,Plantae,https://www.mybis.gov.my/one/profile.php?sid=41443,https://cms.mybis.gov.my/img/plant.png
66357,Palhinhaea cernua,Paku Serani,Low Concern,Plantae,https://www.mybis.gov.my/one/profile.php?sid=66357,https://cms.mybis.gov.my/thumbnail/s300_2022.jpeg
52742,Parahemionitis cordata,,Near Threat,Plantae,https://www.mybis.gov.my/one/profile.php?sid=52742,https://cms.mybis.gov.my/img/plant.png
41769,Parameria polyneura,Serapat,Low Concern,Plantae,https://www.mybis.gov.my/one/profile.php?sid=41769,https://cms.mybis.gov.my/img/plant.png
28332,Paranephelium macrophyllum,Gesiar,Low Concern,Plantae,https://www.mybis.gov.my/one/profile.php?sid=28332,https://cms.mybis.gov.my/img/plant.png
36419,Paranephelium spirei,,Near Threat,Plantae,https://www.mybis.gov.my/one/profile.php?sid=36419,https://cms.mybis.gov.my/img/plant.png
38634,Paranephelium xestophyllum,Ambuakat,Near Threat,Plantae,https://www.mybis.gov.my/one/profile.php?sid=38634,https://cms.mybis.gov.my/img/plant.png
6505,Parashorea densiflora,Meranti Pasir,Near Threat,Plantae,https://www.mybis.gov.my/one/profile.php?sid=6505,https://cms.mybis.gov.my/img/plant.png
14594,Parashorea globosa,Meranti Pasir Daun Besar,Critically Endangered,Plantae,https://www.mybis.gov.my/one/profile.php?sid=14594,https://cms.mybis.gov.my/thumbnail/s300_2353.jpeg
36423,Parashorea stellata,Gerutu-gerutu,Low Concern,Plantae,https://www.mybis.gov.my/one/profile.php?sid=36423,https://cms.mybis.gov.my/img/plant.png
44744,Parastemon urophyllus,Nyalas,Low Concern,Plantae,https://www.mybis.gov.my/one/profile.php?sid=44744,https://cms.mybis.gov.my/img/plant.png
1875,Parinari costata,Merbatu Pipit,Low Concern,Plantae,https://www.mybis.gov.my/one/profile.php?sid=1875,https://cms.mybis.gov.my/img/plant.png
41582,Paropsia vareciformis,Dendulang,Low Concern,Plantae,https://www.mybis.gov.my/one/profile.php?sid=41582,https://cms.mybis.gov.my/thumbnail/s300_12799.jpeg
9427,Parsonsia alboflavescens,,Low Concern,Plantae,https://www.mybis.gov.my/one/profile.php?sid=9427,https://cms.mybis.gov.my/img/plant.png
5895,Parsonsia curvisepala,,Data Deficient,Plantae,https://www.mybis.gov.my/one/profile.php?sid=5895,https://cms.mybis.gov.my/img/plant.png
4315,Phlegmariurus carinatus,Shoelace Tassel-fern,Low Concern,Plantae,https://www.mybis.gov.my/one/profile.php?sid=4315,https://cms.mybis.gov.my/thumbnail/s300_2025.jpeg
66355,Phlegmariurus dalhousieanus,Pokok Sakat,Low Concern,Plantae,https://www.mybis.gov.my/one/profile.php?sid=66355,https://cms.mybis.gov.my/img/plant.png
66360,Phlegmariurus nummulariifolius,,Low Concern,Plantae,https://www.mybis.gov.my/one/profile.php?sid=66360,https://cms.mybis.gov.my/img/plant.png
41941,Phlegmariurus phlegmaria,Sri Gading,Low Concern,Plantae,https://www.mybis.gov.my/one/profile.php?sid=41941,https://cms.mybis.gov.my/thumbnail/s300_9011.jpeg
36585,Phlegmariurus squarrosus,Rock Tassel-fern,Low Concern,Plantae,https://www.mybis.gov.my/one/profile.php?sid=36585,https://cms.mybis.gov.my/img/plant.png
36741,Pinanga subruminata,,Not Evaluated,Plantae,https://www.mybis.gov.my/one/profile.php?sid=36741,https://cms.mybis.gov.my/img/plant.png
55242,Plagiogyria egenolfioides,,Low Concern,Plantae,https://www.mybis.gov.my/one/profile.php?sid=55242,https://cms.mybis.gov.my/img/plant.png
42389,Pometia pinnata,Kasai,Low Concern,Plantae,https://www.mybis.gov.my/one/profile.php?sid=42389,https://cms.mybis.gov.my/thumbnail/s300_8504.jpeg
43207,Pometia ridleyi,Kasai Daun Lichin,Low Concern,Plantae,https://www.mybis.gov.my/one/profile.php?sid=43207,https://cms.mybis.gov.my/img/plant.png
47377,Pottsia laxiflora,,Near Threat,Plantae,https://www.mybis.gov.my/one/profile.php?sid=47377,https://cms.mybis.gov.my/img/plant.png
8831,Prosaptia alata,,Near Threat,Plantae,https://www.mybis.gov.my/one/profile.php?sid=8831,https://cms.mybis.gov.my/thumbnail/s300_114.jpeg
275,Prosaptia barathrophylla,,Near Threat,Plantae,https://www.mybis.gov.my/one/profile.php?sid=275,https://cms.mybis.gov.my/img/plant.png
7321,Prosaptia contigua,,Low Concern,Plantae,https://www.mybis.gov.my/one/profile.php?sid=7321,https://cms.mybis.gov.my/thumbnail/s300_1769.jpeg
29465,Prosaptia obliquata,,Low Concern,Plantae,https://www.mybis.gov.my/one/profile.php?sid=29465,https://cms.mybis.gov.my/thumbnail/s300_1771.jpeg
3976,Pseudoclausena chrysogyne,Pasak Lingga Merah,Low Concern,Plantae,https://www.mybis.gov.my/one/profile.php?sid=3976,https://cms.mybis.gov.my/img/plant.png
52296,Psilotum complanatum,Whisk Fern,Near Threat,Plantae,https://www.mybis.gov.my/one/profile.php?sid=52296,https://cms.mybis.gov.my/img/fern.png
22349,Pyrrosia lanceolata,,Low Concern,Plantae,https://www.mybis.gov.my/one/profile.php?sid=22349,https://cms.mybis.gov.my/thumbnail/s300_874.jpeg
45686,Pyrrosia longifolia,Suloi,Low Concern,Plantae,https://www.mybis.gov.my/one/profile.php?sid=45686,https://cms.mybis.gov.my/thumbnail/s300_876.jpeg
42608,Pyrrosia penangiana,,Low Concern,Plantae,https://www.mybis.gov.my/one/profile.php?sid=42608,https://cms.mybis.gov.my/thumbnail/s300_881.jpeg
42609,Pyrrosia piloselloides,Sisik Naga,Low Concern,Plantae,https://www.mybis.gov.my/one/profile.php?sid=42609,https://cms.mybis.gov.my/thumbnail/s300_880.jpeg
43672,Pyrrosia rasamalae,,Low Concern,Plantae,https://www.mybis.gov.my/one/profile.php?sid=43672,https://cms.mybis.gov.my/thumbnail/s300_887.jpeg
47848,Rafflesia azlanii,,No Data,Plantae,https://www.mybis.gov.my/one/profile.php?sid=47848,https://cms.mybis.gov.my/thumbnail/s300_8204.jpeg
41804,Rauvolfia verticillata,Beras-beras,Low Concern,Plantae,https://www.mybis.gov.my/one/profile.php?sid=41804,https://cms.mybis.gov.my/thumbnail/s300_356.jpeg
4529,Reinwardtiodendron cinereum,,Low Concern,Plantae,https://www.mybis.gov.my/one/profile.php?sid=4529,https://cms.mybis.gov.my/img/plant.png
28032,Sandoricum koetjape,Sentul,Low Concern,Plantae,https://www.mybis.gov.my/one/profile.php?sid=28032,https://cms.mybis.gov.my/thumbnail/s300_8480.jpeg
27141,Saurauia nudiflora,Belincu,Low Concern,Plantae,https://www.mybis.gov.my/one/profile.php?sid=27141,https://cms.mybis.gov.my/thumbnail/s300_595.jpeg
42800,Saurauia pentapetala,Gelinchu,Low Concern,Plantae,https://www.mybis.gov.my/one/profile.php?sid=42800,https://cms.mybis.gov.my/thumbnail/s300_598.jpeg
44324,Saurauia roxburghii,,Low Concern,Plantae,https://www.mybis.gov.my/one/profile.php?sid=44324,https://cms.mybis.gov.my/thumbnail/s300_599.jpeg
8645,Schizaea dichotoma,Payung Ali,Low Concern,Plantae,https://www.mybis.gov.my/one/profile.php?sid=8645,https://cms.mybis.gov.my/thumbnail/s300_6826.jpeg
42989,Scleroglossum pusillum,,Low Concern,Plantae,https://www.mybis.gov.my/one/profile.php?sid=42989,https://cms.mybis.gov.my/thumbnail/s300_1768.jpeg
37798,Scleroglossum sulcatum,,Low Concern,Plantae,https://www.mybis.gov.my/one/profile.php?sid=37798,https://cms.mybis.gov.my/thumbnail/s300_1766.jpeg
29989,Scopellaria marginata,Timun Tikus,Low Concern,Plantae,https://www.mybis.gov.my/one/profile.php?sid=29989,https://cms.mybis.gov.my/img/plant.png
1556,Scorodocarpus borneensis,Kulim,Low Concern,Plantae,https://www.mybis.gov.my/one/profile.php?sid=1556,https://cms.mybis.gov.my/thumbnail/s300_6500.jpeg
58457,Selaginella alutacia,,Low Concern,Plantae,https://www.mybis.gov.my/one/profile.php?sid=58457,https://cms.mybis.gov.my/thumbnail/s300_8801.jpeg
58459,Selaginella cuprea,,Low Concern,Plantae,https://www.mybis.gov.my/one/profile.php?sid=58459,https://cms.mybis.gov.my/img/plant.png
58461,Selaginella curtisii,,Data Deficient,Plantae,https://www.mybis.gov.my/one/profile.php?sid=58461,https://cms.mybis.gov.my/img/plant.png
6414,Selaginella delicatula,,Low Concern,Plantae,https://www.mybis.gov.my/one/profile.php?sid=6414,https://cms.mybis.gov.my/thumbnail/s300_34.jpeg
47310,Selaginella intermedia,Jambul Merak,Low Concern,Plantae,https://www.mybis.gov.my/one/profile.php?sid=47310,https://cms.mybis.gov.my/thumbnail/s300_6726.jpeg
47311,Selaginella involvens,,Data Deficient,Plantae,https://www.mybis.gov.my/one/profile.php?sid=47311,https://cms.mybis.gov.my/img/plant.png
58462,Selaginella mayeri,,Low Concern,Plantae,https://www.mybis.gov.my/one/profile.php?sid=58462,https://cms.mybis.gov.my/img/plant.png
58464,Selaginella minutifolia,,Near Threat,Plantae,https://www.mybis.gov.my/one/profile.php?sid=58464,https://cms.mybis.gov.my/img/plant.png
58465,Selaginella morgani,,Near Threat,Plantae,https://www.mybis.gov.my/one/profile.php?sid=58465,https://cms.mybis.gov.my/img/plant.png
58466,Selaginella ornata,,Low Concern,Plantae,https://www.mybis.gov.my/one/profile.php?sid=58466,https://cms.mybis.gov.my/img/plant.png
58467,Selaginella padangensis,,Low Concern,Plantae,https://www.mybis.gov.my/one/profile.php?sid=58467,https://cms.mybis.gov.my/img/plant.png
44511,Selaginella roxburghii,,Near Threat,Plantae,https://www.mybis.gov.my/one/profile.php?sid=44511,https://cms.mybis.gov.my/img/plant.png
52299,Selaginella selangorensis,,Vulnerable,Plantae,https://www.mybis.gov.my/one/profile.php?sid=52299,https://cms.mybis.gov.my/img/plant.png
58473,Selaginella stipulata,,Low Concern,Plantae,https://www.mybis.gov.my/one/profile.php?sid=58473,https://cms.mybis.gov.my/thumbnail/s300_8503.jpeg
45316,Selaginella wallichii,Paku Merak,Low Concern,Plantae,https://www.mybis.gov.my/one/profile.php?sid=45316,https://cms.mybis.gov.my/img/plant.png
45310,Selaginella willdenowii,Peacock Fern,Low Concern,Plantae,https://www.mybis.gov.my/one/profile.php?sid=45310,https://cms.mybis.gov.my/thumbnail/s300_2570.jpeg
11281,Selliguea enervis,,Low Concern,Plantae,https://www.mybis.gov.my/one/profile.php?sid=11281,https://cms.mybis.gov.my/thumbnail/s300_13678.jpeg
19952,Selliguea laciniata,,Low Concern,Plantae,https://www.mybis.gov.my/one/profile.php?sid=19952,https://cms.mybis.gov.my/thumbnail/s300_890.jpeg
47162,Selliguea lateritia,,Low Concern,Plantae,https://www.mybis.gov.my/one/profile.php?sid=47162,https://cms.mybis.gov.my/thumbnail/s300_891.jpeg
43000,Selliguea platyphylla,,Near Threat,Plantae,https://www.mybis.gov.my/one/profile.php?sid=43000,https://cms.mybis.gov.my/thumbnail/s300_895.jpeg
37816,Selliguea stenophylla,,Low Concern,Plantae,https://www.mybis.gov.my/one/profile.php?sid=37816,https://cms.mybis.gov.my/thumbnail/s300_897.jpeg
37820,Selliguea subsparsa,,Low Concern,Plantae,https://www.mybis.gov.my/one/profile.php?sid=37820,https://cms.mybis.gov.my/thumbnail/s300_899.jpeg
34761,Selliguea taeniata,,Low Concern,Plantae,https://www.mybis.gov.my/one/profile.php?sid=34761,https://cms.mybis.gov.my/thumbnail/s300_903.jpeg
44520,Sesamum radiatum,Black Sesame,No Data,Plantae,https://www.mybis.gov.my/one/profile.php?sid=44520,https://cms.mybis.gov.my/thumbnail/s300_1137.jpeg
10130,Shorea exelliptica,Balau Tembaga,Vulnerable,Plantae,https://www.mybis.gov.my/one/profile.php?sid=10130,https://cms.mybis.gov.my/thumbnail/s300_6272.jpeg
14996,Shorea foxworthyi,Balau Bukit,Vulnerable,Plantae,https://www.mybis.gov.my/one/profile.php?sid=14996,https://cms.mybis.gov.my/thumbnail/s300_2383.jpeg
14385,Shorea glauca,Balau Laut,Low Concern,Plantae,https://www.mybis.gov.my/one/profile.php?sid=14385,https://cms.mybis.gov.my/thumbnail/s300_6264.jpeg
15892,Shorea guiso,Balau Membatu,Low Concern,Plantae,https://www.mybis.gov.my/one/profile.php?sid=15892,https://cms.mybis.gov.my/img/plant.png
20467,Shorea laevis,Balau Kumus,Low Concern,Plantae,https://www.mybis.gov.my/one/profile.php?sid=20467,https://cms.mybis.gov.my/thumbnail/s300_6273.jpeg
46177,Shorea lumutensis,Balau Putih,Critically Endangered,Plantae,https://www.mybis.gov.my/one/profile.php?sid=46177,https://cms.mybis.gov.my/thumbnail/s300_7480.jpeg
30035,Shorea materialis,Balau Pasir,Endangered,Plantae,https://www.mybis.gov.my/one/profile.php?sid=30035,https://cms.mybis.gov.my/thumbnail/s300_2439.jpeg
30037,Shorea maxwelliana,Balau Kumus Hitam,Low Concern,Plantae,https://www.mybis.gov.my/one/profile.php?sid=30037,https://cms.mybis.gov.my/thumbnail/s300_4294.jpeg
31423,Shorea ochrophloia,Seraya Batu,Vulnerable,Plantae,https://www.mybis.gov.my/one/profile.php?sid=31423,https://cms.mybis.gov.my/thumbnail/s300_2440.jpeg
37836,Shorea submontana,Balau Gajah,Near Threat,Plantae,https://www.mybis.gov.my/one/profile.php?sid=37836,https://cms.mybis.gov.my/img/plant.png
2794,Smilax calophylla,Rancang Besi,Not Evaluated,Plantae,https://www.mybis.gov.my/one/profile.php?sid=2794,https://cms.mybis.gov.my/img/plant.png
43118,Stenochlaena palustris,Climbing Swamp Fern,Low Concern,Plantae,https://www.mybis.gov.my/one/profile.php?sid=43118,https://cms.mybis.gov.my/thumbnail/s300_1750.jpeg
2806,Strombosia ceylanica,Kamap,Near Threat,Plantae,https://www.mybis.gov.my/one/profile.php?sid=2806,https://cms.mybis.gov.my/img/plant.png
17485,Strombosia javanica,Dedali,Low Concern,Plantae,https://www.mybis.gov.my/one/profile.php?sid=17485,https://cms.mybis.gov.my/thumbnail/s300_9266.jpeg
4939,Strophanthus caudatus,Tanduk-tanduk,Near Threat,Plantae,https://www.mybis.gov.my/one/profile.php?sid=4939,https://cms.mybis.gov.my/img/plant.png
6897,Symplocos anomala,,Near Threat,Plantae,https://www.mybis.gov.my/one/profile.php?sid=6897,https://cms.mybis.gov.my/img/plant.png
361,Symplocos barringtoniifolia,,Low Concern,Plantae,https://www.mybis.gov.my/one/profile.php?sid=361,https://cms.mybis.gov.my/img/plant.png
3007,Symplocos calycodactylos,,Vulnerable,Plantae,https://www.mybis.gov.my/one/profile.php?sid=3007,https://cms.mybis.gov.my/img/plant.png
2645,Symplocos cerasifolia,Madang,Near Threat,Plantae,https://www.mybis.gov.my/one/profile.php?sid=2645,https://cms.mybis.gov.my/img/plant.png
4758,Symplocos crassipes,Jirak,Near Threat,Plantae,https://www.mybis.gov.my/one/profile.php?sid=4758,https://cms.mybis.gov.my/img/plant.png
12157,Symplocos fasciculata,Menasi,Near Threat,Plantae,https://www.mybis.gov.my/one/profile.php?sid=12157,https://cms.mybis.gov.my/thumbnail/s300_83.jpeg
16921,Symplocos henschelii,Girak,Vulnerable,Plantae,https://www.mybis.gov.my/one/profile.php?sid=16921,https://cms.mybis.gov.my/img/plant.png
20173,Symplocos laeteviridis,Tipih,Endangered,Plantae,https://www.mybis.gov.my/one/profile.php?sid=20173,https://cms.mybis.gov.my/img/plant.png
31978,Symplocos odoratissima,Lisang,Endangered,Plantae,https://www.mybis.gov.my/one/profile.php?sid=31978,https://cms.mybis.gov.my/img/plant.png
43166,Symplocos pendula,Tipih,Low Concern,Plantae,https://www.mybis.gov.my/one/profile.php?sid=43166,https://cms.mybis.gov.my/img/plant.png
38040,Symplocos sumuntia,,Near Threat,Plantae,https://www.mybis.gov.my/one/profile.php?sid=38040,https://cms.mybis.gov.my/img/plant.png
39132,Symplocos tricoccata,Atup,Vulnerable,Plantae,https://www.mybis.gov.my/one/profile.php?sid=39132,https://cms.mybis.gov.my/img/plant.png
43251,Tabernaemontana pauciflora,Lada-lada,Low Concern,Plantae,https://www.mybis.gov.my/one/profile.php?sid=43251,https://cms.mybis.gov.my/thumbnail/s300_1206.jpeg
45124,Tabernaemontana rostrata,,Low Concern,Plantae,https://www.mybis.gov.my/one/profile.php?sid=45124,https://cms.mybis.gov.my/img/plant.png
27137,Tetrameles nudiflora,Mengkundor,Low Concern,Plantae,https://www.mybis.gov.my/one/profile.php?sid=27137,https://cms.mybis.gov.my/img/plant.png
43397,Thottea parviflora,Kemed Kawit,Near Threat,Plantae,https://www.mybis.gov.my/one/profile.php?sid=43397,https://cms.mybis.gov.my/thumbnail/s300_6398.jpeg
38211,Thottea tomentosa,Tapak Gajah,Low Concern,Plantae,https://www.mybis.gov.my/one/profile.php?sid=38211,https://cms.mybis.gov.my/thumbnail/s300_1836.jpeg
43430,Thylacopteris papillosa,,Near Threat,Plantae,https://www.mybis.gov.my/one/profile.php?sid=43430,https://cms.mybis.gov.my/img/plant.png
4183,Toona ciliata,Surian,Near Threat,Plantae,https://www.mybis.gov.my/one/profile.php?sid=4183,https://cms.mybis.gov.my/img/plant.png
44787,Toona sinensis,Surian Bawang,Low Concern,Plantae,https://www.mybis.gov.my/one/profile.php?sid=44787,https://cms.mybis.gov.my/img/plant.png
43513,Trichosanthes pilosa,,Low Concern,Plantae,https://www.mybis.gov.my/one/profile.php?sid=43513,https://cms.mybis.gov.my/img/plant.png
28767,Trigoniastrum hypoleucum,Marajali,Low Concern,Plantae,https://www.mybis.gov.my/one/profile.php?sid=28767,https://cms.mybis.gov.my/img/plant.png
2610,Urceola brachysepala,Akar Gerip Hitam,Near Threat,Plantae,https://www.mybis.gov.my/one/profile.php?sid=2610,https://cms.mybis.gov.my/img/plant.png
12565,Urceola elastica,Akar Gerip Merah,Near Threat,Plantae,https://www.mybis.gov.my/one/profile.php?sid=12565,https://cms.mybis.gov.my/img/plant.png
20288,Urceola laevigata,,Vulnerable,Plantae,https://www.mybis.gov.my/one/profile.php?sid=20288,https://cms.mybis.gov.my/img/plant.png
52432,Vatica abdulrahmaniana,,Endangered,Plantae,https://www.mybis.gov.my/one/profile.php?sid=52432,https://cms.mybis.gov.my/thumbnail/s300_6463.jpeg
623,Vatica bella,Resak Keluang,Low Concern,Plantae,https://www.mybis.gov.my/one/profile.php?sid=623,https://cms.mybis.gov.my/thumbnail/s300_8460.jpeg
5917,Vatica cuspidata,Resak Daun Runching,Near Threat,Plantae,https://www.mybis.gov.my/one/profile.php?sid=5917,https://cms.mybis.gov.my/img/plant.png
13915,Vatica flavida,Resak Padi,Critically Endangered,Plantae,https://www.mybis.gov.my/one/profile.php?sid=13915,https://cms.mybis.gov.my/thumbnail/s300_2457.jpeg
16785,Vatica havilandii,Resak Degung,Endangered,Plantae,https://www.mybis.gov.my/one/profile.php?sid=16785,https://cms.mybis.gov.my/thumbnail/s300_2458.jpeg
17025,Vatica heteroptera,Resak Gunung,Near Threat,Plantae,https://www.mybis.gov.my/one/profile.php?sid=17025,https://cms.mybis.gov.my/img/plant.png
45709,Vatica lowii,Resak Pipit,Low Concern,Plantae,https://www.mybis.gov.my/one/profile.php?sid=45709,https://cms.mybis.gov.my/img/plant.png
30862,Vatica maingayi,Resak Lidi,Vulnerable,Plantae,https://www.mybis.gov.my/one/profile.php?sid=30862,https://cms.mybis.gov.my/img/plant.png
30863,Vatica mangachapoi,Resak Julong,Vulnerable,Plantae,https://www.mybis.gov.my/one/profile.php?sid=30863,https://cms.mybis.gov.my/thumbnail/s300_2618.jpeg
26001,Vatica nitens,Resak Daun Panjang,Near Threat,Plantae,https://www.mybis.gov.my/one/profile.php?sid=26001,https://cms.mybis.gov.my/thumbnail/s300_5067.jpeg
31778,Vatica odorata,Resak Ranting Kesat,Near Threat,Plantae,https://www.mybis.gov.my/one/profile.php?sid=31778,https://cms.mybis.gov.my/thumbnail/s300_41.jpeg
43944,Vatica pallida,Resak Kecil,Endangered,Plantae,https://www.mybis.gov.my/one/profile.php?sid=43944,https://cms.mybis.gov.my/thumbnail/s300_2542.jpeg
43952,Vatica perakensis,Resak Putih,Vulnerable,Plantae,https://www.mybis.gov.my/one/profile.php?sid=43952,https://cms.mybis.gov.my/thumbnail/s300_2462.jpeg
45051,Vatica scortechinii,Resak Langgung,Vulnerable,Plantae,https://www.mybis.gov.my/one/profile.php?sid=45051,https://cms.mybis.gov.my/thumbnail/s300_2468.jpeg
38374,Vatica stapfiana,Resak Mempening,Vulnerable,Plantae,https://www.mybis.gov.my/one/profile.php?sid=38374,https://cms.mybis.gov.my/thumbnail/s300_7366.jpeg
42157,Vatica venulosa,Resak Letup,Vulnerable,Plantae,https://www.mybis.gov.my/one/profile.php?sid=42157,https://cms.mybis.gov.my/thumbnail/s300_2489.jpeg
33975,Viscum ovalifolium,Api-api,Low Concern,Plantae,https://www.mybis.gov.my/one/profile.php?sid=33975,https://cms.mybis.gov.my/img/plant.png
45004,Viscum wrayi,,Low Concern,Plantae,https://www.mybis.gov.my/one/profile.php?sid=45004,https://cms.mybis.gov.my/img/plant.png
44046,Walsura pinnata,Bekak,Low Concern,Plantae,https://www.mybis.gov.my/one/profile.php?sid=44046,https://cms.mybis.gov.my/thumbnail/s300_13307.jpeg
16230,Willughbeia angustifolia,Akar Kubal,Low Concern,Plantae,https://www.mybis.gov.my/one/profile.php?sid=16230,https://cms.mybis.gov.my/img/plant.png
7697,Willughbeia coriacea,Akar Getah Gaharu,Low Concern,Plantae,https://www.mybis.gov.my/one/profile.php?sid=7697,https://cms.mybis.gov.my/thumbnail/s300_9490.jpeg
9348,Willughbeia edulis,Akar Jitan,Low Concern,Plantae,https://www.mybis.gov.my/one/profile.php?sid=9348,https://cms.mybis.gov.my/img/plant.png
29574,Willughbeia oblonga,,Endangered,Plantae,https://www.mybis.gov.my/one/profile.php?sid=29574,https://cms.mybis.gov.my/img/plant.png
35627,Willughbeia tenuiflora,Akar Jitan,Low Concern,Plantae,https://www.mybis.gov.my/one/profile.php?sid=35627,https://cms.mybis.gov.my/img/plant.png
20403,Xerospermum laevigatum,Rambutan Pacat Daun Kecil,Low Concern,Plantae,https://www.mybis.gov.my/one/profile.php?sid=20403,https://cms.mybis.gov.my/img/plant.png
26630,Xerospermum noronhianum,Rambutan Pacat,Low Concern,Plantae,https://www.mybis.gov.my/one/profile.php?sid=26630,https://cms.mybis.gov.my/thumbnail/s300_1244.jpeg
38434,Xiphopterella sparsipilosa,,Low Concern,Plantae,https://www.mybis.gov.my/one/profile.php?sid=38434,https://cms.mybis.gov.my/thumbnail/s300_1765.jpeg
31300,Argyreia penangiana,,Near Threat,Plantae,https://www.mybis.gov.my/one/profile.php?sid=31300,https://cms.mybis.gov.my/thumbnail/s300_6699.jpeg
32035,Argyreia rubicunda,,Low Concern,Plantae,https://www.mybis.gov.my/one/profile.php?sid=32035,https://cms.mybis.gov.my/img/plant.png
31929,Argyreia sphaerocephala,,Near Threat,Plantae,https://www.mybis.gov.my/one/profile.php?sid=31929,https://cms.mybis.gov.my/thumbnail/s300_1869.jpeg
17379,Aristolochia jackii,,Data Deficient,Plantae,https://www.mybis.gov.my/one/profile.php?sid=17379,https://cms.mybis.gov.my/img/plant.png
23691,Aristolochia minutiflora,Ketola Hutan,Low Concern,Plantae,https://www.mybis.gov.my/one/profile.php?sid=23691,https://cms.mybis.gov.my/img/plant.png
32081,Artocarpus rigidus,Temponek,Not Evaluated,Plantae,https://www.mybis.gov.my/one/profile.php?sid=32081,https://cms.mybis.gov.my/thumbnail/s300_427.jpeg
62252,Arytera litoralis,Gerik,Low Concern,Plantae,https://www.mybis.gov.my/one/profile.php?sid=62252,https://cms.mybis.gov.my/img/plant.png
6058,Asplenium affine,,Low Concern,Plantae,https://www.mybis.gov.my/one/profile.php?sid=6058,https://cms.mybis.gov.my/thumbnail/s300_1691.jpeg
25752,Asplenium nidus,Bird's Nest Fern,Low Concern,Plantae,https://www.mybis.gov.my/one/profile.php?sid=25752,https://cms.mybis.gov.my/thumbnail/s300_428.jpeg
26605,Asplenium normale,Rainforest Spleenwort,Low Concern,Plantae,https://www.mybis.gov.my/one/profile.php?sid=26605,https://cms.mybis.gov.my/img/plant.png
31394,Asplenium phyllitidis,,Low Concern,Plantae,https://www.mybis.gov.my/one/profile.php?sid=31394,https://cms.mybis.gov.my/thumbnail/s300_1695.jpeg
32132,Asplenium robustum,,Low Concern,Plantae,https://www.mybis.gov.my/one/profile.php?sid=32132,https://cms.mybis.gov.my/img/plant.png
31880,Asplenium salignum,,Low Concern,Plantae,https://www.mybis.gov.my/one/profile.php?sid=31880,https://cms.mybis.gov.my/img/plant.png
31885,Asplenium scortechinii,,Low Concern,Plantae,https://www.mybis.gov.my/one/profile.php?sid=31885,https://cms.mybis.gov.my/thumbnail/s300_1699.jpeg
35494,Asplenium tenerum,,Low Concern,Plantae,https://www.mybis.gov.my/one/profile.php?sid=35494,https://cms.mybis.gov.my/thumbnail/s300_1700.jpeg
37431,Asplenium thunbergii,,Low Concern,Plantae,https://www.mybis.gov.my/one/profile.php?sid=37431,https://cms.mybis.gov.my/thumbnail/s300_9009.jpeg
66383,Asplenium truncatum,Speenwort,Low Concern,Plantae,https://www.mybis.gov.my/one/profile.php?sid=66383,https://cms.mybis.gov.my/thumbnail/s300_13547.jpeg
42647,Asplenium unilaterale,,Low Concern,Plantae,https://www.mybis.gov.my/one/profile.php?sid=42647,https://cms.mybis.gov.my/img/plant.png
24785,Atuna nannodes,,Low Concern,Plantae,https://www.mybis.gov.my/one/profile.php?sid=24785,https://cms.mybis.gov.my/img/plant.png
10181,Azadirachta excelsa,Sentang,Low Concern,Plantae,https://www.mybis.gov.my/one/profile.php?sid=10181,https://cms.mybis.gov.my/thumbnail/s300_5512.jpeg
2377,Barringtonia acutangula,Putat,Low Concern,Plantae,https://www.mybis.gov.my/one/profile.php?sid=2377,https://cms.mybis.gov.my/thumbnail/s300_4652.jpeg
15670,Barringtonia fusiformis,Putat Padi,Low Concern,Plantae,https://www.mybis.gov.my/one/profile.php?sid=15670,https://cms.mybis.gov.my/thumbnail/s300_6379.jpeg
58335,Barringtonia maxwelliana,,Critically Endangered,Plantae,https://www.mybis.gov.my/one/profile.php?sid=58335,https://cms.mybis.gov.my/img/plant.png
31525,Barringtonia pauciflora,,Data Deficient,Plantae,https://www.mybis.gov.my/one/profile.php?sid=31525,https://cms.mybis.gov.my/img/plant.png
31531,Barringtonia pendula,Putat,Low Concern,Plantae,https://www.mybis.gov.my/one/profile.php?sid=31531,https://cms.mybis.gov.my/img/plant.png
32241,Barringtonia rimata,,Low Concern,Plantae,https://www.mybis.gov.my/one/profile.php?sid=32241,https://cms.mybis.gov.my/img/plant.png
31956,Barringtonia scortechinii,Putat Gajah,Low Concern,Plantae,https://www.mybis.gov.my/one/profile.php?sid=31956,https://cms.mybis.gov.my/img/plant.png
5176,Bayabusua clarkei,,Near Threat,Plantae,https://www.mybis.gov.my/one/profile.php?sid=5176,https://cms.mybis.gov.my/thumbnail/s300_8844.jpeg
23927,Belvisia mucronata,,Low Concern,Plantae,https://www.mybis.gov.my/one/profile.php?sid=23927,https://cms.mybis.gov.my/thumbnail/s300_841.jpeg
32308,Belvisia spicata,,Low Concern,Plantae,https://www.mybis.gov.my/one/profile.php?sid=32308,https://cms.mybis.gov.my/thumbnail/s300_13551.jpeg
66387,Blechnopsis orientalis,Paku Ikan,Low Concern,Plantae,https://www.mybis.gov.my/one/profile.php?sid=66387,https://cms.mybis.gov.my/img/plant.png
31773,Boesenbergia plicata,,Not Evaluated,Plantae,https://www.mybis.gov.my/one/profile.php?sid=31773,https://cms.mybis.gov.my/thumbnail/s300_4164.jpeg
5646,Brachylophon curtisii,,Low Concern,Plantae,https://www.mybis.gov.my/one/profile.php?sid=5646,https://cms.mybis.gov.my/img/plant.png
32811,Calamus peregrinus,Rotan,Not Evaluated,Plantae,https://www.mybis.gov.my/one/profile.php?sid=32811,https://cms.mybis.gov.my/thumbnail/s300_4932.jpeg
24466,Caryota mitis,Clustering Fishtail Palm,Not Evaluated,Plantae,https://www.mybis.gov.my/one/profile.php?sid=24466,https://cms.mybis.gov.my/thumbnail/s300_9124.jpeg
69571,Castanopsis corallocarpus,,No Data,Plantae,https://www.mybis.gov.my/one/profile.php?sid=69571,https://cms.mybis.gov.my/img/plant.png
24566,Champereia manillana,Cemperai,Low Concern,Plantae,https://www.mybis.gov.my/one/profile.php?sid=24566,https://cms.mybis.gov.my/thumbnail/s300_1952.jpeg
33603,Chilocarpus rostratus,Akar Kawit,Near Threat,Plantae,https://www.mybis.gov.my/one/profile.php?sid=33603,https://cms.mybis.gov.my/img/plant.png
2642,Chisocheton ceramicus,Dedaru,Low Concern,Plantae,https://www.mybis.gov.my/one/profile.php?sid=2642,https://cms.mybis.gov.my/img/plant.png
24628,Chisocheton macrophyllus,Bekak,Low Concern,Plantae,https://www.mybis.gov.my/one/profile.php?sid=24628,https://cms.mybis.gov.my/img/plant.png
33530,Chisocheton patens,Bekak,Low Concern,Plantae,https://www.mybis.gov.my/one/profile.php?sid=33530,https://cms.mybis.gov.my/img/plant.png
33540,Chisocheton pentandrus,Lisi-lisi,Critically Endangered,Plantae,https://www.mybis.gov.my/one/profile.php?sid=33540,https://cms.mybis.gov.my/img/plant.png
33542,Chisocheton perakensis,,Vulnerable,Plantae,https://www.mybis.gov.my/one/profile.php?sid=33542,https://cms.mybis.gov.my/img/plant.png
32847,Chisocheton sarawakanus,,Low Concern,Plantae,https://www.mybis.gov.my/one/profile.php?sid=32847,https://cms.mybis.gov.my/img/plant.png
38337,Chisocheton tomentosus,,Low Concern,Plantae,https://www.mybis.gov.my/one/profile.php?sid=38337,https://cms.mybis.gov.my/img/plant.png
15032,Chonemorpha fragrans,Akar Gerip Merah,Near Threat,Plantae,https://www.mybis.gov.my/one/profile.php?sid=15032,https://cms.mybis.gov.my/img/plant.png
3700,Christensenia aesculifolia,,Near Threat,Plantae,https://www.mybis.gov.my/one/profile.php?sid=3700,https://cms.mybis.gov.my/img/fern.png
15171,Coniogramme fraxinea,,Near Threat,Plantae,https://www.mybis.gov.my/one/profile.php?sid=15171,https://cms.mybis.gov.my/thumbnail/s300_6213.jpeg
16399,Crypteronia griffithii,,Low Concern,Plantae,https://www.mybis.gov.my/one/profile.php?sid=16399,https://cms.mybis.gov.my/img/plant.png
34308,Crypteronia paniculata,Bekoi,Low Concern,Plantae,https://www.mybis.gov.my/one/profile.php?sid=34308,https://cms.mybis.gov.my/img/plant.png
34323,Ctenolophon parvifolius,Mertas,Low Concern,Plantae,https://www.mybis.gov.my/one/profile.php?sid=34323,https://cms.mybis.gov.my/img/plant.png
1227,Ctenopterella blechnoides,,Low Concern,Plantae,https://www.mybis.gov.my/one/profile.php?sid=1227,https://cms.mybis.gov.my/thumbnail/s300_1758.jpeg
9786,Cyathea alternans,,Low Concern,Plantae,https://www.mybis.gov.my/one/profile.php?sid=9786,https://cms.mybis.gov.my/img/plant.png
1606,Cyathea borneensis,,Low Concern,Plantae,https://www.mybis.gov.my/one/profile.php?sid=1606,https://cms.mybis.gov.my/img/plant.png
7323,Cyathea contaminans,Tree Ferns,Low Concern,Plantae,https://www.mybis.gov.my/one/profile.php?sid=7323,https://cms.mybis.gov.my/thumbnail/s300_5250.jpeg
28536,Cyathea hymenodes,,Low Concern,Plantae,https://www.mybis.gov.my/one/profile.php?sid=28536,https://cms.mybis.gov.my/img/plant.png
17012,Cyathea incisoserrata,,Low Concern,Plantae,https://www.mybis.gov.my/one/profile.php?sid=17012,https://cms.mybis.gov.my/img/plant.png
47128,Cyathea latebrosa,Paku Gheya,Low Concern,Plantae,https://www.mybis.gov.my/one/profile.php?sid=47128,https://cms.mybis.gov.my/thumbnail/s300_7696.jpeg
46284,Cyathea lurida,,Low Concern,Plantae,https://www.mybis.gov.my/one/profile.php?sid=46284,https://cms.mybis.gov.my/thumbnail/s300_1710.jpeg
30105,Cyathea obscura,,Low Concern,Plantae,https://www.mybis.gov.my/one/profile.php?sid=30105,https://cms.mybis.gov.my/img/plant.png
34485,Cyathea polypoda,,Near Threat,Plantae,https://www.mybis.gov.my/one/profile.php?sid=34485,https://cms.mybis.gov.my/img/plant.png
34559,Cyathea recommutata,,Low Concern,Plantae,https://www.mybis.gov.my/one/profile.php?sid=34559,https://cms.mybis.gov.my/img/plant.png
39050,Cyathea trichodesma,,Low Concern,Plantae,https://www.mybis.gov.my/one/profile.php?sid=39050,https://cms.mybis.gov.my/img/plant.png
5535,Cycas clivicola,Bogak,Endangered,Plantae,https://www.mybis.gov.my/one/profile.php?sid=5535,https://cms.mybis.gov.my/thumbnail/s300_8282.jpeg
57970,Cyclopeltis crenata,,Low Concern,Plantae,https://www.mybis.gov.my/one/profile.php?sid=57970,https://cms.mybis.gov.my/img/plant.png
34763,Dalbergia parviflora,,Not Evaluated,Plantae,https://www.mybis.gov.my/one/profile.php?sid=34763,https://cms.mybis.gov.my/img/plant.png
3756,Dasygrammitis brevivenosa,,Low Concern,Plantae,https://www.mybis.gov.my/one/profile.php?sid=3756,https://cms.mybis.gov.my/img/plant.png
15588,Dasygrammitis fuscata,,Near Threat,Plantae,https://www.mybis.gov.my/one/profile.php?sid=15588,https://cms.mybis.gov.my/img/plant.png
25199,Dasygrammitis malaccana,,Low Concern,Plantae,https://www.mybis.gov.my/one/profile.php?sid=25199,https://cms.mybis.gov.my/img/plant.png
10963,Davallia divaricata,,Low Concern,Plantae,https://www.mybis.gov.my/one/profile.php?sid=10963,https://cms.mybis.gov.my/thumbnail/s300_13568.jpeg
28552,Davallia hymenophylloides,,Low Concern,Plantae,https://www.mybis.gov.my/one/profile.php?sid=28552,https://cms.mybis.gov.my/img/plant.png
33989,Davallia solida,Giant Hare's-foot,Low Concern,Plantae,https://www.mybis.gov.my/one/profile.php?sid=33989,https://cms.mybis.gov.my/img/plant.png
55243,Davallia trichomanoides,Squirrel's-foot Fern,Low Concern,Plantae,https://www.mybis.gov.my/one/profile.php?sid=55243,https://cms.mybis.gov.my/thumbnail/s300_13578.jpeg
6674,Dicranopteris curranii,Paku Resam,Not Evaluated,Plantae,https://www.mybis.gov.my/one/profile.php?sid=6674,https://cms.mybis.gov.my/thumbnail/s300_321.jpeg
15446,Dimocarpus fumatus,Mambuakat,Near Threat,Plantae,https://www.mybis.gov.my/one/profile.php?sid=15446,https://cms.mybis.gov.my/img/plant.png
66352,Diphasiastrum platyrhizoma,,Low Concern,Plantae,https://www.mybis.gov.my/one/profile.php?sid=66352,https://cms.mybis.gov.my/img/plant.png
2613,Dipterocarpus acutangulus,Keruing Merkah,Endangered,Plantae,https://www.mybis.gov.my/one/profile.php?sid=2613,https://cms.mybis.gov.my/thumbnail/s300_2237.jpeg
414,Dipterocarpus baudii,Keruing Bulu,Low Concern,Plantae,https://www.mybis.gov.my/one/profile.php?sid=414,https://cms.mybis.gov.my/thumbnail/s300_5662.jpeg
4971,Dipterocarpus caudatus,Keruing Gasing,Vulnerable,Plantae,https://www.mybis.gov.my/one/profile.php?sid=4971,https://cms.mybis.gov.my/thumbnail/s300_2297.jpeg
3231,Dipterocarpus chartaceus,Keruing Kertas,Vulnerable,Plantae,https://www.mybis.gov.my/one/profile.php?sid=3231,https://cms.mybis.gov.my/thumbnail/s300_7292.jpeg
5538,Dipterocarpus concavus,Keruing Senduk,Vulnerable,Plantae,https://www.mybis.gov.my/one/profile.php?sid=5538,https://cms.mybis.gov.my/thumbnail/s300_2613.jpeg
7832,Dipterocarpus coriaceus,Keruing Paya,Critically Endangered,Plantae,https://www.mybis.gov.my/one/profile.php?sid=7832,https://cms.mybis.gov.my/thumbnail/s300_8167.jpeg
5033,Dipterocarpus costatus,Keruing Bukit,Vulnerable,Plantae,https://www.mybis.gov.my/one/profile.php?sid=5033,https://cms.mybis.gov.my/thumbnail/s300_2121.jpeg
5183,Dipterocarpus costulatus,Keruing Kipas,Low Concern,Plantae,https://www.mybis.gov.my/one/profile.php?sid=5183,https://cms.mybis.gov.my/thumbnail/s300_6462.jpeg
6024,Dipterocarpus crinitus,Keruing Mempelas,Low Concern,Plantae,https://www.mybis.gov.my/one/profile.php?sid=6024,https://cms.mybis.gov.my/thumbnail/s300_5709.jpeg
11519,Dipterocarpus elongatus,Keruing Latek,Vulnerable,Plantae,https://www.mybis.gov.my/one/profile.php?sid=11519,https://cms.mybis.gov.my/thumbnail/s300_5691.jpeg
11811,Dipterocarpus fagineus,Keruing Pipit,Vulnerable,Plantae,https://www.mybis.gov.my/one/profile.php?sid=11811,https://cms.mybis.gov.my/thumbnail/s300_2302.jpeg
15790,Dipterocarpus grandiflorus,Keruing Belimbing,Low Concern,Plantae,https://www.mybis.gov.my/one/profile.php?sid=15790,https://cms.mybis.gov.my/thumbnail/s300_5678.jpeg
20990,Dipterocarpus kerrii,Keruing Gondol,Vulnerable,Plantae,https://www.mybis.gov.my/one/profile.php?sid=20990,https://cms.mybis.gov.my/thumbnail/s300_1250.jpeg
28881,Dipterocarpus kunstleri,Keruing Gombang Merah,Near Threat,Plantae,https://www.mybis.gov.my/one/profile.php?sid=28881,https://cms.mybis.gov.my/thumbnail/s300_4806.jpeg
45645,Dipterocarpus lowii,Keruing Sol,Low Concern,Plantae,https://www.mybis.gov.my/one/profile.php?sid=45645,https://cms.mybis.gov.my/thumbnail/s300_10461.jpeg
35746,Dipterocarpus perakensis,Keruing Perak,Endangered,Plantae,https://www.mybis.gov.my/one/profile.php?sid=35746,https://cms.mybis.gov.my/img/plant.png
35993,Dipterocarpus retusus,Keruing Gunung,Low Concern,Plantae,https://www.mybis.gov.my/one/profile.php?sid=35993,https://cms.mybis.gov.my/img/plant.png
34832,Dipterocarpus semivestitus,Keruing Padi,Critically Endangered,Plantae,https://www.mybis.gov.my/one/profile.php?sid=34832,https://cms.mybis.gov.my/thumbnail/s300_2259.jpeg
40609,Dipterocarpus verrucosus,Keruing Merah,Near Threat,Plantae,https://www.mybis.gov.my/one/profile.php?sid=40609,https://cms.mybis.gov.my/img/plant.png
29700,Dryobalanops oblongifolia,Keladan,Low Concern,Plantae,https://www.mybis.gov.my/one/profile.php?sid=29700,https://cms.mybis.gov.my/thumbnail/s300_4548.jpeg
4993,Dyera costulata,Jelutong,Low Concern,Plantae,https://www.mybis.gov.my/one/profile.php?sid=4993,https://cms.mybis.gov.my/thumbnail/s300_2363.jpeg
2586,Dysoxylum acutangulum,Bekak,Low Concern,Plantae,https://www.mybis.gov.my/one/profile.php?sid=2586,https://cms.mybis.gov.my/img/plant.png
7556,Dysoxylum arborescens,Bekak,Low Concern,Plantae,https://www.mybis.gov.my/one/profile.php?sid=7556,https://cms.mybis.gov.my/thumbnail/s300_13325.jpeg
4437,Dysoxylum carolinae,,Near Threat,Plantae,https://www.mybis.gov.my/one/profile.php?sid=4437,https://cms.mybis.gov.my/img/plant.png
1943,Dysoxylum cauliflorum,Dedali,Low Concern,Plantae,https://www.mybis.gov.my/one/profile.php?sid=1943,https://cms.mybis.gov.my/thumbnail/s300_8351.jpeg
2079,Dysoxylum cyrtobotryum,Kayu Ling,Low Concern,Plantae,https://www.mybis.gov.my/one/profile.php?sid=2079,https://cms.mybis.gov.my/thumbnail/s300_571.jpeg
6584,Dysoxylum densiflorum,Segera,Low Concern,Plantae,https://www.mybis.gov.my/one/profile.php?sid=6584,https://cms.mybis.gov.my/img/plant.png
11509,Dysoxylum dumosum,Lingga Api,Low Concern,Plantae,https://www.mybis.gov.my/one/profile.php?sid=11509,https://cms.mybis.gov.my/thumbnail/s300_6743.jpeg
10153,Dysoxylum excelsum,Durong,Low Concern,Plantae,https://www.mybis.gov.my/one/profile.php?sid=10153,https://cms.mybis.gov.my/img/plant.png
15696,Dysoxylum grande,,Low Concern,Plantae,https://www.mybis.gov.my/one/profile.php?sid=15696,https://cms.mybis.gov.my/img/plant.png
25665,Dysoxylum macrocarpum,,Near Threat,Plantae,https://www.mybis.gov.my/one/profile.php?sid=25665,https://cms.mybis.gov.my/img/plant.png
25676,Dysoxylum mollissimum,,Low Concern,Plantae,https://www.mybis.gov.my/one/profile.php?sid=25676,https://cms.mybis.gov.my/img/plant.png
36345,Dysoxylum papillosum,,Near Threat,Plantae,https://www.mybis.gov.my/one/profile.php?sid=36345,https://cms.mybis.gov.my/img/plant.png
36252,Dysoxylum rigidum,,Near Threat,Plantae,https://www.mybis.gov.my/one/profile.php?sid=36252,https://cms.mybis.gov.my/img/plant.png
36264,Dysoxylum rugulosum,Segera,Near Threat,Plantae,https://www.mybis.gov.my/one/profile.php?sid=36264,https://cms.mybis.gov.my/img/plant.png
16345,Elaeocarpus angustifolius,Blue Marble Tree,Low Concern,Plantae,https://www.mybis.gov.my/one/profile.php?sid=16345,https://cms.mybis.gov.my/thumbnail/s300_8352.jpeg
12727,Elaeocarpus ferrugineus,Mendong,Low Concern,Plantae,https://www.mybis.gov.my/one/profile.php?sid=12727,https://cms.mybis.gov.my/thumbnail/s300_5234.jpeg
16406,Elaeocarpus griffithii,Mendong,Low Concern,Plantae,https://www.mybis.gov.my/one/profile.php?sid=16406,https://cms.mybis.gov.my/img/plant.png
24867,Elaeocarpus nanus,,Low Concern,Plantae,https://www.mybis.gov.my/one/profile.php?sid=24867,https://cms.mybis.gov.my/img/plant.png
36464,Elaeocarpus pedunculatus,Mendong,Low Concern,Plantae,https://www.mybis.gov.my/one/profile.php?sid=36464,https://cms.mybis.gov.my/img/plant.png
36469,Elaeocarpus polystachyus,,Near Threat,Plantae,https://www.mybis.gov.my/one/profile.php?sid=36469,https://cms.mybis.gov.my/thumbnail/s300_2555.jpeg
36476,Elaeocarpus pseudopaniculatus,,Near Threat,Plantae,https://www.mybis.gov.my/one/profile.php?sid=36476,https://cms.mybis.gov.my/img/plant.png
36317,Elaeocarpus reticosus,,Low Concern,Plantae,https://www.mybis.gov.my/one/profile.php?sid=36317,https://cms.mybis.gov.my/img/plant.png
36358,Elaeocarpus robustus,Sangah,Low Concern,Plantae,https://www.mybis.gov.my/one/profile.php?sid=36358,https://cms.mybis.gov.my/img/plant.png
33910,Elaeocarpus stipularis,Kungkurad,Low Concern,Plantae,https://www.mybis.gov.my/one/profile.php?sid=33910,https://cms.mybis.gov.my/thumbnail/s300_2557.jpeg
33916,Elaeocarpus symingtonii,,Vulnerable,Plantae,https://www.mybis.gov.my/one/profile.php?sid=33916,https://cms.mybis.gov.my/img/plant.png
3338,Endocomia canarioides,Pianggu Talang,Low Concern,Plantae,https://www.mybis.gov.my/one/profile.php?sid=3338,https://cms.mybis.gov.my/img/plant.png
25764,Endocomia macrocoma,Kumpang Limau,Near Threat,Plantae,https://www.mybis.gov.my/one/profile.php?sid=25764,https://cms.mybis.gov.my/img/plant.png
16381,Epigynum griffithianum,Lemak Ketam,Low Concern,Plantae,https://www.mybis.gov.my/one/profile.php?sid=16381,https://cms.mybis.gov.my/img/plant.png
36586,Epigynum ridleyi,,Near Threat,Plantae,https://www.mybis.gov.my/one/profile.php?sid=36586,https://cms.mybis.gov.my/img/plant.png
36594,Equisetum ramosissimum,Boston Horsetail,Low Concern,Plantae,https://www.mybis.gov.my/one/profile.php?sid=36594,https://cms.mybis.gov.my/thumbnail/s300_3992.jpeg
3510,Erycibe aenea,,Low Concern,Plantae,https://www.mybis.gov.my/one/profile.php?sid=3510,https://cms.mybis.gov.my/img/plant.png
9152,Erycibe albida,,Low Concern,Plantae,https://www.mybis.gov.my/one/profile.php?sid=9152,https://cms.mybis.gov.my/thumbnail/s300_1979.jpeg
33998,Erycibe stapfiana,,Low Concern,Plantae,https://www.mybis.gov.my/one/profile.php?sid=33998,https://cms.mybis.gov.my/img/plant.png
35497,Erythropalum scandens,Akar Kulim,Low Concern,Plantae,https://www.mybis.gov.my/one/profile.php?sid=35497,https://cms.mybis.gov.my/thumbnail/s300_2092.jpeg
6407,Erythroxylum cuneatum,Cinta Mula,Low Concern,Plantae,https://www.mybis.gov.my/one/profile.php?sid=6407,https://cms.mybis.gov.my/img/plant.png
20014,Euthemis leucocarpa,Pelawan Beruk,Low Concern,Plantae,https://www.mybis.gov.my/one/profile.php?sid=20014,https://cms.mybis.gov.my/thumbnail/s300_302.jpeg
15372,Galearia fulva,Ekor Tupai,Low Concern,Plantae,https://www.mybis.gov.my/one/profile.php?sid=15372,https://cms.mybis.gov.my/thumbnail/s300_572.jpeg
26269,Galearia maingayi,Minyak Beruk,Low Concern,Plantae,https://www.mybis.gov.my/one/profile.php?sid=26269,https://cms.mybis.gov.my/img/plant.png
26374,Gnetum macrostachyum,,Not Evaluated,Plantae,https://www.mybis.gov.my/one/profile.php?sid=26374,https://cms.mybis.gov.my/img/plant.png
26375,Gnetum microcarpum,,Not Evaluated,Plantae,https://www.mybis.gov.my/one/profile.php?sid=26375,https://cms.mybis.gov.my/thumbnail/s300_9497.jpeg
37919,Goniophlebium percussum,,Low Concern,Plantae,https://www.mybis.gov.my/one/profile.php?sid=37919,https://cms.mybis.gov.my/thumbnail/s300_8232.jpeg
37920,Goniophlebium persicifolium,,Low Concern,Plantae,https://www.mybis.gov.my/one/profile.php?sid=37920,https://cms.mybis.gov.my/thumbnail/s300_845.jpeg
989,Guioa bijuga,Senyamok,Low Concern,Plantae,https://www.mybis.gov.my/one/profile.php?sid=989,https://cms.mybis.gov.my/img/plant.png
12099,Gymnacranthera farquhariana,Penarahan,Low Concern,Plantae,https://www.mybis.gov.my/one/profile.php?sid=12099,https://cms.mybis.gov.my/img/plant.png
14665,Gymnacranthera forbesii,Medang Kuning,Low Concern,Plantae,https://www.mybis.gov.my/one/profile.php?sid=14665,https://cms.mybis.gov.my/thumbnail/s300_5574.jpeg
38023,Gynostemma pentaphyllum,,Low Concern,Plantae,https://www.mybis.gov.my/one/profile.php?sid=38023,https://cms.mybis.gov.my/img/plant.png
16266,Haplopteris angustifolia,,Low Concern,Plantae,https://www.mybis.gov.my/one/profile.php?sid=16266,https://cms.mybis.gov.my/thumbnail/s300_1684.jpeg
11627,Haplopteris elongata,Stiff Shoestring Fern,Low Concern,Plantae,https://www.mybis.gov.my/one/profile.php?sid=11627,https://cms.mybis.gov.my/thumbnail/s300_8234.jpeg
11200,Haplopteris ensiformis,,Low Concern,Plantae,https://www.mybis.gov.my/one/profile.php?sid=11200,https://cms.mybis.gov.my/img/plant.png
61516,Harmandia mekongensis,,Low Concern,Plantae,https://www.mybis.gov.my/one/profile.php?sid=61516,https://cms.mybis.gov.my/img/plant.png
6589,Harpullia cupanioides,Lokud,Low Concern,Plantae,https://www.mybis.gov.my/one/profile.php?sid=6589,https://cms.mybis.gov.my/img/plant.png
38615,Helosis ruficeps,,Endangered,Plantae,https://www.mybis.gov.my/one/profile.php?sid=38615,https://cms.mybis.gov.my/thumbnail/s300_2286.jpeg
39339,Heynea trijuga,Tangis Sarang Burung,Low Concern,Plantae,https://www.mybis.gov.my/one/profile.php?sid=39339,https://cms.mybis.gov.my/img/plant.png
4524,Hiptage burkilliana,,Critically Endangered,Plantae,https://www.mybis.gov.my/one/profile.php?sid=4524,https://cms.mybis.gov.my/img/plant.png
37261,Hiptage sericea,,Near Threat,Plantae,https://www.mybis.gov.my/one/profile.php?sid=37261,https://cms.mybis.gov.my/img/plant.png
7157,Hopea apiculata,Giam Melukut,Endangered,Plantae,https://www.mybis.gov.my/one/profile.php?sid=7157,https://cms.mybis.gov.my/thumbnail/s300_27.jpeg
438,Hopea beccariana,Merawan Batu,Low Concern,Plantae,https://www.mybis.gov.my/one/profile.php?sid=438,https://cms.mybis.gov.my/thumbnail/s300_2519.jpeg
2784,Hopea bracteata,Merawan Ungu,Endangered,Plantae,https://www.mybis.gov.my/one/profile.php?sid=2784,https://cms.mybis.gov.my/thumbnail/s300_2522.jpeg
11624,Hopea dyeri,Merawan Palit,Near Threat,Plantae,https://www.mybis.gov.my/one/profile.php?sid=11624,https://cms.mybis.gov.my/thumbnail/s300_5660.jpeg
50649,Hopea glaucescens,Merawan Kelabu,Vulnerable,Plantae,https://www.mybis.gov.my/one/profile.php?sid=50649,https://cms.mybis.gov.my/thumbnail/s300_2528.jpeg
16843,Hopea helferi,Lintah Bukit,Vulnerable,Plantae,https://www.mybis.gov.my/one/profile.php?sid=16843,https://cms.mybis.gov.my/thumbnail/s300_2526.jpeg
26722,Hopea myrtifolia,Mata Kucing Beludu,Vulnerable,Plantae,https://www.mybis.gov.my/one/profile.php?sid=26722,https://cms.mybis.gov.my/img/plant.png
25451,Hopea nervosa,Merawan Jangkang,Near Threat,Plantae,https://www.mybis.gov.my/one/profile.php?sid=25451,https://cms.mybis.gov.my/thumbnail/s300_5669.jpeg
31808,Hopea odorata,Merawan Siput Jantan,Vulnerable,Plantae,https://www.mybis.gov.my/one/profile.php?sid=31808,https://cms.mybis.gov.my/thumbnail/s300_8915.jpeg
39192,Hopea pedicellata,Merawan Mata Kuching Bukit,Near Threat,Plantae,https://www.mybis.gov.my/one/profile.php?sid=39192,https://cms.mybis.gov.my/img/plant.png
37375,Hopea semicuneata,Giam Jantan,Near Threat,Plantae,https://www.mybis.gov.my/one/profile.php?sid=37375,https://cms.mybis.gov.my/thumbnail/s300_2281.jpeg
35091,Hopea sublanceolata,Merawan Jeruai,Near Threat,Plantae,https://www.mybis.gov.my/one/profile.php?sid=35091,https://cms.mybis.gov.my/img/plant.png
35093,Hopea sulcata,Merawan Meranti,Near Threat,Plantae,https://www.mybis.gov.my/one/profile.php?sid=35093,https://cms.mybis.gov.my/thumbnail/s300_1877.jpeg
2247,Horsfieldia brachiata,,Low Concern,Plantae,https://www.mybis.gov.my/one/profile.php?sid=2247,https://cms.mybis.gov.my/img/plant.png
15385,Horsfieldia fulva,,Near Threat,Plantae,https://www.mybis.gov.my/one/profile.php?sid=15385,https://cms.mybis.gov.my/img/plant.png
47201,Horsfieldia irya,Pianggu,Low Concern,Plantae,https://www.mybis.gov.my/one/profile.php?sid=47201,https://cms.mybis.gov.my/img/plant.png
26743,Horsfieldia majuscula,,Low Concern,Plantae,https://www.mybis.gov.my/one/profile.php?sid=26743,https://cms.mybis.gov.my/img/plant.png
39280,Horsfieldia polyspherula,Penarahan,Low Concern,Plantae,https://www.mybis.gov.my/one/profile.php?sid=39280,https://cms.mybis.gov.my/thumbnail/s300_4727.jpeg
38924,Horsfieldia ridleyana,,Near Threat,Plantae,https://www.mybis.gov.my/one/profile.php?sid=38924,https://cms.mybis.gov.my/img/plant.png
35101,Horsfieldia subalpina,,Near Threat,Plantae,https://www.mybis.gov.my/one/profile.php?sid=35101,https://cms.mybis.gov.my/img/plant.png
35104,Horsfieldia sucosa,Penarahan,Near Threat,Plantae,https://www.mybis.gov.my/one/profile.php?sid=35104,https://cms.mybis.gov.my/img/plant.png
35105,Horsfieldia superba,Penarahan,Low Concern,Plantae,https://www.mybis.gov.my/one/profile.php?sid=35105,https://cms.mybis.gov.my/thumbnail/s300_477.jpeg
38218,Horsfieldia tomentosa,Manchong,Low Concern,Plantae,https://www.mybis.gov.my/one/profile.php?sid=38218,https://cms.mybis.gov.my/img/plant.png
44402,Horsfieldia wallichii,,Low Concern,Plantae,https://www.mybis.gov.my/one/profile.php?sid=44402,https://cms.mybis.gov.my/img/plant.png
39023,Illicium ridleyanum,,Low Concern,Plantae,https://www.mybis.gov.my/one/profile.php?sid=39023,https://cms.mybis.gov.my/thumbnail/s300_39.jpeg
35777,Illicium tenuifolium,,Low Concern,Plantae,https://www.mybis.gov.my/one/profile.php?sid=35777,https://cms.mybis.gov.my/img/plant.png
39670,Intsia palembanica,Merbau,No Data,Plantae,https://www.mybis.gov.my/one/profile.php?sid=39670,https://cms.mybis.gov.my/thumbnail/s300_7915.jpeg
5125,Knema communis,,Near Threat,Plantae,https://www.mybis.gov.my/one/profile.php?sid=5125,https://cms.mybis.gov.my/img/plant.png
6636,Knema conferta,,Near Threat,Plantae,https://www.mybis.gov.my/one/profile.php?sid=6636,https://cms.mybis.gov.my/img/plant.png
5553,Knema curtisii,,Endangered,Plantae,https://www.mybis.gov.my/one/profile.php?sid=5553,https://cms.mybis.gov.my/thumbnail/s300_528.jpeg
15488,Knema furfuracea,Penarahan,Low Concern,Plantae,https://www.mybis.gov.my/one/profile.php?sid=15488,https://cms.mybis.gov.my/img/plant.png
14653,Knema globularia,Penarahan Padi,Near Threat,Plantae,https://www.mybis.gov.my/one/profile.php?sid=14653,https://cms.mybis.gov.my/img/plant.png
19198,Knema hookeriana,Penarahan,Low Concern,Plantae,https://www.mybis.gov.my/one/profile.php?sid=19198,https://cms.mybis.gov.my/img/plant.png
47220,Knema intermedia,Kumpang Daun Panjang,Near Threat,Plantae,https://www.mybis.gov.my/one/profile.php?sid=47220,https://cms.mybis.gov.my/img/plant.png
28889,Knema kunstleri,Penarahan,Low Concern,Plantae,https://www.mybis.gov.my/one/profile.php?sid=28889,https://cms.mybis.gov.my/img/plant.png
47003,Knema laurina,Penarahan,Low Concern,Plantae,https://www.mybis.gov.my/one/profile.php?sid=47003,https://cms.mybis.gov.my/thumbnail/s300_1090.jpeg
26968,Knema malayana,,Low Concern,Plantae,https://www.mybis.gov.my/one/profile.php?sid=26968,https://cms.mybis.gov.my/img/plant.png
29714,Knema oblongifolia,,Low Concern,Plantae,https://www.mybis.gov.my/one/profile.php?sid=29714,https://cms.mybis.gov.my/img/plant.png
40307,Knema plumulosa,,Near Threat,Plantae,https://www.mybis.gov.my/one/profile.php?sid=40307,https://cms.mybis.gov.my/img/plant.png
39954,Knema scortechinii,,Low Concern,Plantae,https://www.mybis.gov.my/one/profile.php?sid=39954,https://cms.mybis.gov.my/img/plant.png
51934,Knema stenophylla,Penarahan,Low Concern,Plantae,https://www.mybis.gov.my/one/profile.php?sid=51934,https://cms.mybis.gov.my/img/plant.png
35404,Knema sumatrana,,Near Threat,Plantae,https://www.mybis.gov.my/one/profile.php?sid=35404,https://cms.mybis.gov.my/img/plant.png
40373,Kopsia pauciflora,,Low Concern,Plantae,https://www.mybis.gov.my/one/profile.php?sid=40373,https://cms.mybis.gov.my/thumbnail/s300_6476.jpeg
39983,Kopsia singapurensis,,Near Threat,Plantae,https://www.mybis.gov.my/one/profile.php?sid=39983,https://cms.mybis.gov.my/img/plant.png
11163,Lansium domesticum,Langsat,Low Concern,Plantae,https://www.mybis.gov.my/one/profile.php?sid=11163,https://cms.mybis.gov.my/thumbnail/s300_538.jpeg
50859,Lecanopteris pumila,,Low Concern,Plantae,https://www.mybis.gov.my/one/profile.php?sid=50859,https://cms.mybis.gov.my/thumbnail/s300_8626.jpeg
839,Lemmaphyllum accedens,,Low Concern,Plantae,https://www.mybis.gov.my/one/profile.php?sid=839,https://cms.mybis.gov.my/thumbnail/s300_849.jpeg
35470,Lepionurus sylvestris,Chemperai Gajah,Low Concern,Plantae,https://www.mybis.gov.my/one/profile.php?sid=35470,https://cms.mybis.gov.my/img/plant.png
15239,Lepisanthes fruticosa,Belingasan,Low Concern,Plantae,https://www.mybis.gov.my/one/profile.php?sid=15239,https://cms.mybis.gov.my/img/plant.png
39265,Lepisanthes rubiginosa,Kelat Layu,Low Concern,Plantae,https://www.mybis.gov.my/one/profile.php?sid=39265,https://cms.mybis.gov.my/thumbnail/s300_9321.jpeg
40283,Lepisanthes senegalensis,Kelinga Gaba,Low Concern,Plantae,https://www.mybis.gov.my/one/profile.php?sid=40283,https://cms.mybis.gov.my/img/plant.png
36628,Lepisanthes tetraphylla,Arit-arit,Low Concern,Plantae,https://www.mybis.gov.my/one/profile.php?sid=36628,https://cms.mybis.gov.my/img/plant.png
45824,Lepisorus longifolius,,Low Concern,Plantae,https://www.mybis.gov.my/one/profile.php?sid=45824,https://cms.mybis.gov.my/thumbnail/s300_850.jpeg
27111,Leptochilus macrophyllus,,Low Concern,Plantae,https://www.mybis.gov.my/one/profile.php?sid=27111,https://cms.mybis.gov.my/thumbnail/s300_851.jpeg
10441,Leuconotis eugeniifolia,Akar Gerip Putih,Low Concern,Plantae,https://www.mybis.gov.my/one/profile.php?sid=10441,https://cms.mybis.gov.my/img/plant.png
16430,Leuconotis griffithii,,Low Concern,Plantae,https://www.mybis.gov.my/one/profile.php?sid=16430,https://cms.mybis.gov.my/img/plant.png
40369,Leucostegia pallida,,Data Deficient,Plantae,https://www.mybis.gov.my/one/profile.php?sid=40369,https://cms.mybis.gov.my/img/plant.png
47010,Lijndenia laurina,Nipis Kulit,Low Concern,Plantae,https://www.mybis.gov.my/one/profile.php?sid=47010,https://cms.mybis.gov.my/img/plant.png
